<?xml version="1.0" encoding="UTF-8"?>
<Balancing_MarketDocument xmlns="urn:iec62325.351:tc57wg16:451-6:balancingdocument:3:0">
	<mRID>3196aa1ba3e04b8fb077dbd5cfe737ce</mRID>
	<revisionNumber>1</revisionNumber>
	<type>A86</type>
	<process.processType>A16</process.processType>
	<sender_MarketParticipant.mRID codingScheme="A01">10X1001A1001A450</sender_MarketParticipant.mRID>
	<sender_MarketParticipant.marketRole.type>A32</sender_MarketParticipant.marketRole.type>
	<receiver_MarketParticipant.mRID codingScheme="A01">10X1001A1001A450</receiver_MarketParticipant.mRID>
	<receiver_MarketParticipant.marketRole.type>A33</receiver_MarketParticipant.marketRole.type>
	<createdDateTime>2025-01-20T14:04:56Z</createdDateTime>
	<docStatus><value>X01</value></docStatus>
	<controlArea_Domain.mRID codingScheme="A01">10YRO-TEL------P</controlArea_Domain.mRID>
	<period.timeInterval>
		<start>2025-01-16T23:00Z</start>
		<end>2025-01-20T13:30Z</end>
	</period.timeInterval>
	<TimeSeries>
		<mRID>1</mRID>
		<businessType>A19</businessType>
		<flowDirection.direction>A01</flowDirection.direction>
		<quantity_Measure_Unit.name>MWH</quantity_Measure_Unit.name>
		<curveType>A01</curveType>
		<Period>
			<timeInterval>
				<start>2025-01-16T23:00Z</start>
				<end>2025-01-17T05:30Z</end>
			</timeInterval>
			<resolution>PT15M</resolution>
			<Point>
				<position>1</position>
				<quantity>5</quantity>
			</Point>
			<Point>
				<position>2</position>
				<quantity>2</quantity>
			</Point>
			<Point>
				<position>3</position>
				<quantity>18</quantity>
			</Point>
			<Point>
				<position>4</position>
				<quantity>41</quantity>
			</Point>
			<Point>
				<position>5</position>
				<quantity>21</quantity>
			</Point>
			<Point>
				<position>6</position>
				<quantity>21</quantity>
			</Point>
			<Point>
				<position>7</position>
				<quantity>22</quantity>
			</Point>
			<Point>
				<position>8</position>
				<quantity>39</quantity>
			</Point>
			<Point>
				<position>9</position>
				<quantity>14</quantity>
			</Point>
			<Point>
				<position>10</position>
				<quantity>23</quantity>
			</Point>
			<Point>
				<position>11</position>
				<quantity>49</quantity>
			</Point>
			<Point>
				<position>12</position>
				<quantity>29</quantity>
			</Point>
			<Point>
				<position>13</position>
				<quantity>22</quantity>
			</Point>
			<Point>
				<position>14</position>
				<quantity>29</quantity>
			</Point>
			<Point>
				<position>15</position>
				<quantity>14</quantity>
			</Point>
			<Point>
				<position>16</position>
				<quantity>11</quantity>
			</Point>
			<Point>
				<position>17</position>
				<quantity>9</quantity>
			</Point>
			<Point>
				<position>18</position>
				<quantity>9</quantity>
			</Point>
			<Point>
				<position>19</position>
				<quantity>5</quantity>
			</Point>
			<Point>
				<position>20</position>
				<quantity>3</quantity>
			</Point>
			<Point>
				<position>21</position>
				<quantity>12</quantity>
			</Point>
			<Point>
				<position>22</position>
				<quantity>8</quantity>
			</Point>
			<Point>
				<position>23</position>
				<quantity>28</quantity>
			</Point>
			<Point>
				<position>24</position>
				<quantity>5</quantity>
			</Point>
			<Point>
				<position>25</position>
				<quantity>16</quantity>
			</Point>
			<Point>
				<position>26</position>
				<quantity>0</quantity>
			</Point>
		</Period>
		<Period>
			<timeInterval>
				<start>2025-01-17T06:00Z</start>
				<end>2025-01-17T06:15Z</end>
			</timeInterval>
			<resolution>PT15M</resolution>
			<Point>
				<position>1</position>
				<quantity>1</quantity>
			</Point>
		</Period>
		<Period>
			<timeInterval>
				<start>2025-01-17T10:00Z</start>
				<end>2025-01-17T16:15Z</end>
			</timeInterval>
			<resolution>PT15M</resolution>
			<Point>
				<position>1</position>
				<quantity>2</quantity>
			</Point>
			<Point>
				<position>2</position>
				<quantity>1</quantity>
			</Point>
			<Point>
				<position>3</position>
				<quantity>2</quantity>
			</Point>
			<Point>
				<position>4</position>
				<quantity>9</quantity>
			</Point>
			<Point>
				<position>5</position>
				<quantity>35</quantity>
			</Point>
			<Point>
				<position>6</position>
				<quantity>38</quantity>
			</Point>
			<Point>
				<position>7</position>
				<quantity>37</quantity>
			</Point>
			<Point>
				<position>8</position>
				<quantity>38</quantity>
			</Point>
			<Point>
				<position>9</position>
				<quantity>37</quantity>
			</Point>
			<Point>
				<position>10</position>
				<quantity>50</quantity>
			</Point>
			<Point>
				<position>11</position>
				<quantity>50</quantity>
			</Point>
			<Point>
				<position>12</position>
				<quantity>50</quantity>
			</Point>
			<Point>
				<position>13</position>
				<quantity>50</quantity>
			</Point>
			<Point>
				<position>14</position>
				<quantity>50</quantity>
			</Point>
			<Point>
				<position>15</position>
				<quantity>49</quantity>
			</Point>
			<Point>
				<position>16</position>
				<quantity>44</quantity>
			</Point>
			<Point>
				<position>17</position>
				<quantity>55</quantity>
			</Point>
			<Point>
				<position>18</position>
				<quantity>50</quantity>
			</Point>
			<Point>
				<position>19</position>
				<quantity>50</quantity>
			</Point>
			<Point>
				<position>20</position>
				<quantity>42</quantity>
			</Point>
			<Point>
				<position>21</position>
				<quantity>50</quantity>
			</Point>
			<Point>
				<position>22</position>
				<quantity>46</quantity>
			</Point>
			<Point>
				<position>23</position>
				<quantity>39</quantity>
			</Point>
			<Point>
				<position>24</position>
				<quantity>15</quantity>
			</Point>
			<Point>
				<position>25</position>
				<quantity>34</quantity>
			</Point>
		</Period>
		<Period>
			<timeInterval>
				<start>2025-01-17T16:30Z</start>
				<end>2025-01-17T16:45Z</end>
			</timeInterval>
			<resolution>PT15M</resolution>
			<Point>
				<position>1</position>
				<quantity>0</quantity>
			</Point>
		</Period>
		<Period>
			<timeInterval>
				<start>2025-01-17T17:15Z</start>
				<end>2025-01-17T22:00Z</end>
			</timeInterval>
			<resolution>PT15M</resolution>
			<Point>
				<position>1</position>
				<quantity>0</quantity>
			</Point>
			<Point>
				<position>2</position>
				<quantity>0</quantity>
			</Point>
			<Point>
				<position>3</position>
				<quantity>1</quantity>
			</Point>
			<Point>
				<position>4</position>
				<quantity>1</quantity>
			</Point>
			<Point>
				<position>5</position>
				<quantity>25</quantity>
			</Point>
			<Point>
				<position>6</position>
				<quantity>28</quantity>
			</Point>
			<Point>
				<position>7</position>
				<quantity>34</quantity>
			</Point>
			<Point>
				<position>8</position>
				<quantity>28</quantity>
			</Point>
			<Point>
				<position>9</position>
				<quantity>28</quantity>
			</Point>
			<Point>
				<position>10</position>
				<quantity>32</quantity>
			</Point>
			<Point>
				<position>11</position>
				<quantity>40</quantity>
			</Point>
			<Point>
				<position>12</position>
				<quantity>24</quantity>
			</Point>
			<Point>
				<position>13</position>
				<quantity>26</quantity>
			</Point>
			<Point>
				<position>14</position>
				<quantity>43</quantity>
			</Point>
			<Point>
				<position>15</position>
				<quantity>32</quantity>
			</Point>
			<Point>
				<position>16</position>
				<quantity>20</quantity>
			</Point>
			<Point>
				<position>17</position>
				<quantity>1</quantity>
			</Point>
			<Point>
				<position>18</position>
				<quantity>11</quantity>
			</Point>
			<Point>
				<position>19</position>
				<quantity>26</quantity>
			</Point>
		</Period>
		<Period>
			<timeInterval>
				<start>2025-01-17T23:00Z</start>
				<end>2025-01-18T00:30Z</end>
			</timeInterval>
			<resolution>PT15M</resolution>
			<Point>
				<position>1</position>
				<quantity>7</quantity>
			</Point>
			<Point>
				<position>2</position>
				<quantity>17</quantity>
			</Point>
			<Point>
				<position>3</position>
				<quantity>16</quantity>
			</Point>
			<Point>
				<position>4</position>
				<quantity>27</quantity>
			</Point>
			<Point>
				<position>5</position>
				<quantity>20</quantity>
			</Point>
			<Point>
				<position>6</position>
				<quantity>4</quantity>
			</Point>
		</Period>
		<Period>
			<timeInterval>
				<start>2025-01-18T00:45Z</start>
				<end>2025-01-18T02:45Z</end>
			</timeInterval>
			<resolution>PT15M</resolution>
			<Point>
				<position>1</position>
				<quantity>27</quantity>
			</Point>
			<Point>
				<position>2</position>
				<quantity>15</quantity>
			</Point>
			<Point>
				<position>3</position>
				<quantity>18</quantity>
			</Point>
			<Point>
				<position>4</position>
				<quantity>14</quantity>
			</Point>
			<Point>
				<position>5</position>
				<quantity>0</quantity>
			</Point>
			<Point>
				<position>6</position>
				<quantity>1</quantity>
			</Point>
			<Point>
				<position>7</position>
				<quantity>4</quantity>
			</Point>
			<Point>
				<position>8</position>
				<quantity>3</quantity>
			</Point>
		</Period>
		<Period>
			<timeInterval>
				<start>2025-01-18T03:30Z</start>
				<end>2025-01-18T03:45Z</end>
			</timeInterval>
			<resolution>PT15M</resolution>
			<Point>
				<position>1</position>
				<quantity>0</quantity>
			</Point>
		</Period>
		<Period>
			<timeInterval>
				<start>2025-01-18T04:00Z</start>
				<end>2025-01-18T07:45Z</end>
			</timeInterval>
			<resolution>PT15M</resolution>
			<Point>
				<position>1</position>
				<quantity>1</quantity>
			</Point>
			<Point>
				<position>2</position>
				<quantity>8</quantity>
			</Point>
			<Point>
				<position>3</position>
				<quantity>22</quantity>
			</Point>
			<Point>
				<position>4</position>
				<quantity>12</quantity>
			</Point>
			<Point>
				<position>5</position>
				<quantity>19</quantity>
			</Point>
			<Point>
				<position>6</position>
				<quantity>20</quantity>
			</Point>
			<Point>
				<position>7</position>
				<quantity>24</quantity>
			</Point>
			<Point>
				<position>8</position>
				<quantity>11</quantity>
			</Point>
			<Point>
				<position>9</position>
				<quantity>28</quantity>
			</Point>
			<Point>
				<position>10</position>
				<quantity>35</quantity>
			</Point>
			<Point>
				<position>11</position>
				<quantity>18</quantity>
			</Point>
			<Point>
				<position>12</position>
				<quantity>2</quantity>
			</Point>
			<Point>
				<position>13</position>
				<quantity>4</quantity>
			</Point>
			<Point>
				<position>14</position>
				<quantity>5</quantity>
			</Point>
			<Point>
				<position>15</position>
				<quantity>0</quantity>
			</Point>
		</Period>
		<Period>
			<timeInterval>
				<start>2025-01-18T08:45Z</start>
				<end>2025-01-18T09:00Z</end>
			</timeInterval>
			<resolution>PT15M</resolution>
			<Point>
				<position>1</position>
				<quantity>0</quantity>
			</Point>
		</Period>
		<Period>
			<timeInterval>
				<start>2025-01-18T12:15Z</start>
				<end>2025-01-18T12:45Z</end>
			</timeInterval>
			<resolution>PT15M</resolution>
			<Point>
				<position>1</position>
				<quantity>0</quantity>
			</Point>
			<Point>
				<position>2</position>
				<quantity>0</quantity>
			</Point>
		</Period>
		<Period>
			<timeInterval>
				<start>2025-01-18T13:00Z</start>
				<end>2025-01-18T13:30Z</end>
			</timeInterval>
			<resolution>PT15M</resolution>
			<Point>
				<position>1</position>
				<quantity>5</quantity>
			</Point>
			<Point>
				<position>2</position>
				<quantity>0</quantity>
			</Point>
		</Period>
		<Period>
			<timeInterval>
				<start>2025-01-18T14:00Z</start>
				<end>2025-01-18T15:00Z</end>
			</timeInterval>
			<resolution>PT15M</resolution>
			<Point>
				<position>1</position>
				<quantity>10</quantity>
			</Point>
			<Point>
				<position>2</position>
				<quantity>6</quantity>
			</Point>
			<Point>
				<position>3</position>
				<quantity>63</quantity>
			</Point>
			<Point>
				<position>4</position>
				<quantity>53</quantity>
			</Point>
		</Period>
	</TimeSeries>
	<TimeSeries>
		<mRID>2</mRID>
		<businessType>A19</businessType>
		<flowDirection.direction>A02</flowDirection.direction>
		<quantity_Measure_Unit.name>MWH</quantity_Measure_Unit.name>
		<curveType>A01</curveType>
		<Period>
			<timeInterval>
				<start>2025-01-17T05:30Z</start>
				<end>2025-01-17T06:00Z</end>
			</timeInterval>
			<resolution>PT15M</resolution>
			<Point>
				<position>1</position>
				<quantity>0</quantity>
			</Point>
			<Point>
				<position>2</position>
				<quantity>3</quantity>
			</Point>
		</Period>
		<Period>
			<timeInterval>
				<start>2025-01-17T06:15Z</start>
				<end>2025-01-17T10:00Z</end>
			</timeInterval>
			<resolution>PT15M</resolution>
			<Point>
				<position>1</position>
				<quantity>29</quantity>
			</Point>
			<Point>
				<position>2</position>
				<quantity>11</quantity>
			</Point>
			<Point>
				<position>3</position>
				<quantity>1</quantity>
			</Point>
			<Point>
				<position>4</position>
				<quantity>5</quantity>
			</Point>
			<Point>
				<position>5</position>
				<quantity>37</quantity>
			</Point>
			<Point>
				<position>6</position>
				<quantity>26</quantity>
			</Point>
			<Point>
				<position>7</position>
				<quantity>25</quantity>
			</Point>
			<Point>
				<position>8</position>
				<quantity>76</quantity>
			</Point>
			<Point>
				<position>9</position>
				<quantity>76</quantity>
			</Point>
			<Point>
				<position>10</position>
				<quantity>43</quantity>
			</Point>
			<Point>
				<position>11</position>
				<quantity>31</quantity>
			</Point>
			<Point>
				<position>12</position>
				<quantity>51</quantity>
			</Point>
			<Point>
				<position>13</position>
				<quantity>46</quantity>
			</Point>
			<Point>
				<position>14</position>
				<quantity>26</quantity>
			</Point>
			<Point>
				<position>15</position>
				<quantity>22</quantity>
			</Point>
		</Period>
		<Period>
			<timeInterval>
				<start>2025-01-17T16:15Z</start>
				<end>2025-01-17T16:30Z</end>
			</timeInterval>
			<resolution>PT15M</resolution>
			<Point>
				<position>1</position>
				<quantity>2</quantity>
			</Point>
		</Period>
		<Period>
			<timeInterval>
				<start>2025-01-17T16:45Z</start>
				<end>2025-01-17T17:15Z</end>
			</timeInterval>
			<resolution>PT15M</resolution>
			<Point>
				<position>1</position>
				<quantity>0</quantity>
			</Point>
			<Point>
				<position>2</position>
				<quantity>0</quantity>
			</Point>
		</Period>
		<Period>
			<timeInterval>
				<start>2025-01-17T22:00Z</start>
				<end>2025-01-17T23:00Z</end>
			</timeInterval>
			<resolution>PT15M</resolution>
			<Point>
				<position>1</position>
				<quantity>15</quantity>
			</Point>
			<Point>
				<position>2</position>
				<quantity>6</quantity>
			</Point>
			<Point>
				<position>3</position>
				<quantity>1</quantity>
			</Point>
			<Point>
				<position>4</position>
				<quantity>1</quantity>
			</Point>
		</Period>
		<Period>
			<timeInterval>
				<start>2025-01-18T00:30Z</start>
				<end>2025-01-18T00:45Z</end>
			</timeInterval>
			<resolution>PT15M</resolution>
			<Point>
				<position>1</position>
				<quantity>2</quantity>
			</Point>
		</Period>
		<Period>
			<timeInterval>
				<start>2025-01-18T02:45Z</start>
				<end>2025-01-18T03:30Z</end>
			</timeInterval>
			<resolution>PT15M</resolution>
			<Point>
				<position>1</position>
				<quantity>8</quantity>
			</Point>
			<Point>
				<position>2</position>
				<quantity>7</quantity>
			</Point>
			<Point>
				<position>3</position>
				<quantity>9</quantity>
			</Point>
		</Period>
		<Period>
			<timeInterval>
				<start>2025-01-18T03:45Z</start>
				<end>2025-01-18T04:00Z</end>
			</timeInterval>
			<resolution>PT15M</resolution>
			<Point>
				<position>1</position>
				<quantity>1</quantity>
			</Point>
		</Period>
		<Period>
			<timeInterval>
				<start>2025-01-18T07:45Z</start>
				<end>2025-01-18T08:45Z</end>
			</timeInterval>
			<resolution>PT15M</resolution>
			<Point>
				<position>1</position>
				<quantity>0</quantity>
			</Point>
			<Point>
				<position>2</position>
				<quantity>13</quantity>
			</Point>
			<Point>
				<position>3</position>
				<quantity>28</quantity>
			</Point>
			<Point>
				<position>4</position>
				<quantity>2</quantity>
			</Point>
		</Period>
		<Period>
			<timeInterval>
				<start>2025-01-18T09:00Z</start>
				<end>2025-01-18T12:15Z</end>
			</timeInterval>
			<resolution>PT15M</resolution>
			<Point>
				<position>1</position>
				<quantity>21</quantity>
			</Point>
			<Point>
				<position>2</position>
				<quantity>29</quantity>
			</Point>
			<Point>
				<position>3</position>
				<quantity>9</quantity>
			</Point>
			<Point>
				<position>4</position>
				<quantity>1</quantity>
			</Point>
			<Point>
				<position>5</position>
				<quantity>17</quantity>
			</Point>
			<Point>
				<position>6</position>
				<quantity>26</quantity>
			</Point>
			<Point>
				<position>7</position>
				<quantity>20</quantity>
			</Point>
			<Point>
				<position>8</position>
				<quantity>19</quantity>
			</Point>
			<Point>
				<position>9</position>
				<quantity>7</quantity>
			</Point>
			<Point>
				<position>10</position>
				<quantity>5</quantity>
			</Point>
			<Point>
				<position>11</position>
				<quantity>0</quantity>
			</Point>
			<Point>
				<position>12</position>
				<quantity>0</quantity>
			</Point>
			<Point>
				<position>13</position>
				<quantity>0</quantity>
			</Point>
		</Period>
		<Period>
			<timeInterval>
				<start>2025-01-18T12:45Z</start>
				<end>2025-01-18T13:00Z</end>
			</timeInterval>
			<resolution>PT15M</resolution>
			<Point>
				<position>1</position>
				<quantity>0</quantity>
			</Point>
		</Period>
		<Period>
			<timeInterval>
				<start>2025-01-18T13:30Z</start>
				<end>2025-01-18T14:00Z</end>
			</timeInterval>
			<resolution>PT15M</resolution>
			<Point>
				<position>1</position>
				<quantity>0</quantity>
			</Point>
			<Point>
				<position>2</position>
				<quantity>3</quantity>
			</Point>
		</Period>
	</TimeSeries>
	<TimeSeries>
		<mRID>3</mRID>
		<businessType>A19</businessType>
		<flowDirection.direction>A01</flowDirection.direction>
		<quantity_Measure_Unit.name>MWH</quantity_Measure_Unit.name>
		<curveType>A01</curveType>
		<Period>
			<timeInterval>
				<start>2025-01-18T15:15Z</start>
				<end>2025-01-18T18:00Z</end>
			</timeInterval>
			<resolution>PT15M</resolution>
			<Point>
				<position>1</position>
				<quantity>75</quantity>
			</Point>
			<Point>
				<position>2</position>
				<quantity>54</quantity>
			</Point>
			<Point>
				<position>3</position>
				<quantity>22</quantity>
			</Point>
			<Point>
				<position>4</position>
				<quantity>57</quantity>
			</Point>
			<Point>
				<position>5</position>
				<quantity>46</quantity>
			</Point>
			<Point>
				<position>6</position>
				<quantity>46</quantity>
			</Point>
			<Point>
				<position>7</position>
				<quantity>37</quantity>
			</Point>
			<Point>
				<position>8</position>
				<quantity>37</quantity>
			</Point>
			<Point>
				<position>9</position>
				<quantity>1</quantity>
			</Point>
			<Point>
				<position>10</position>
				<quantity>0</quantity>
			</Point>
			<Point>
				<position>11</position>
				<quantity>0</quantity>
			</Point>
		</Period>
		<Period>
			<timeInterval>
				<start>2025-01-18T18:15Z</start>
				<end>2025-01-18T22:30Z</end>
			</timeInterval>
			<resolution>PT15M</resolution>
			<Point>
				<position>1</position>
				<quantity>25</quantity>
			</Point>
			<Point>
				<position>2</position>
				<quantity>23</quantity>
			</Point>
			<Point>
				<position>3</position>
				<quantity>24</quantity>
			</Point>
			<Point>
				<position>4</position>
				<quantity>24</quantity>
			</Point>
			<Point>
				<position>5</position>
				<quantity>32</quantity>
			</Point>
			<Point>
				<position>6</position>
				<quantity>37</quantity>
			</Point>
			<Point>
				<position>7</position>
				<quantity>43</quantity>
			</Point>
			<Point>
				<position>8</position>
				<quantity>40</quantity>
			</Point>
			<Point>
				<position>9</position>
				<quantity>38</quantity>
			</Point>
			<Point>
				<position>10</position>
				<quantity>3</quantity>
			</Point>
			<Point>
				<position>11</position>
				<quantity>16</quantity>
			</Point>
			<Point>
				<position>12</position>
				<quantity>9</quantity>
			</Point>
			<Point>
				<position>13</position>
				<quantity>6</quantity>
			</Point>
			<Point>
				<position>14</position>
				<quantity>5</quantity>
			</Point>
			<Point>
				<position>15</position>
				<quantity>5</quantity>
			</Point>
			<Point>
				<position>16</position>
				<quantity>3</quantity>
			</Point>
			<Point>
				<position>17</position>
				<quantity>1</quantity>
			</Point>
		</Period>
		<Period>
			<timeInterval>
				<start>2025-01-18T22:45Z</start>
				<end>2025-01-19T01:45Z</end>
			</timeInterval>
			<resolution>PT15M</resolution>
			<Point>
				<position>1</position>
				<quantity>39</quantity>
			</Point>
			<Point>
				<position>2</position>
				<quantity>18</quantity>
			</Point>
			<Point>
				<position>3</position>
				<quantity>2</quantity>
			</Point>
			<Point>
				<position>4</position>
				<quantity>12</quantity>
			</Point>
			<Point>
				<position>5</position>
				<quantity>4</quantity>
			</Point>
			<Point>
				<position>6</position>
				<quantity>2</quantity>
			</Point>
			<Point>
				<position>7</position>
				<quantity>6</quantity>
			</Point>
			<Point>
				<position>8</position>
				<quantity>25</quantity>
			</Point>
			<Point>
				<position>9</position>
				<quantity>8</quantity>
			</Point>
			<Point>
				<position>10</position>
				<quantity>16</quantity>
			</Point>
			<Point>
				<position>11</position>
				<quantity>7</quantity>
			</Point>
			<Point>
				<position>12</position>
				<quantity>1</quantity>
			</Point>
		</Period>
		<Period>
			<timeInterval>
				<start>2025-01-19T02:00Z</start>
				<end>2025-01-19T04:30Z</end>
			</timeInterval>
			<resolution>PT15M</resolution>
			<Point>
				<position>1</position>
				<quantity>2</quantity>
			</Point>
			<Point>
				<position>2</position>
				<quantity>2</quantity>
			</Point>
			<Point>
				<position>3</position>
				<quantity>4</quantity>
			</Point>
			<Point>
				<position>4</position>
				<quantity>17</quantity>
			</Point>
			<Point>
				<position>5</position>
				<quantity>32</quantity>
			</Point>
			<Point>
				<position>6</position>
				<quantity>35</quantity>
			</Point>
			<Point>
				<position>7</position>
				<quantity>8</quantity>
			</Point>
			<Point>
				<position>8</position>
				<quantity>17</quantity>
			</Point>
			<Point>
				<position>9</position>
				<quantity>12</quantity>
			</Point>
			<Point>
				<position>10</position>
				<quantity>0</quantity>
			</Point>
		</Period>
		<Period>
			<timeInterval>
				<start>2025-01-19T05:45Z</start>
				<end>2025-01-19T06:15Z</end>
			</timeInterval>
			<resolution>PT15M</resolution>
			<Point>
				<position>1</position>
				<quantity>1</quantity>
			</Point>
			<Point>
				<position>2</position>
				<quantity>0</quantity>
			</Point>
		</Period>
		<Period>
			<timeInterval>
				<start>2025-01-19T07:00Z</start>
				<end>2025-01-19T08:00Z</end>
			</timeInterval>
			<resolution>PT15M</resolution>
			<Point>
				<position>1</position>
				<quantity>3</quantity>
			</Point>
			<Point>
				<position>2</position>
				<quantity>2</quantity>
			</Point>
			<Point>
				<position>3</position>
				<quantity>0</quantity>
			</Point>
			<Point>
				<position>4</position>
				<quantity>1</quantity>
			</Point>
		</Period>
		<Period>
			<timeInterval>
				<start>2025-01-19T17:00Z</start>
				<end>2025-01-19T17:30Z</end>
			</timeInterval>
			<resolution>PT15M</resolution>
			<Point>
				<position>1</position>
				<quantity>0</quantity>
			</Point>
			<Point>
				<position>2</position>
				<quantity>0</quantity>
			</Point>
		</Period>
		<Period>
			<timeInterval>
				<start>2025-01-19T17:45Z</start>
				<end>2025-01-19T18:00Z</end>
			</timeInterval>
			<resolution>PT15M</resolution>
			<Point>
				<position>1</position>
				<quantity>0</quantity>
			</Point>
		</Period>
		<Period>
			<timeInterval>
				<start>2025-01-19T18:15Z</start>
				<end>2025-01-19T21:45Z</end>
			</timeInterval>
			<resolution>PT15M</resolution>
			<Point>
				<position>1</position>
				<quantity>0</quantity>
			</Point>
			<Point>
				<position>2</position>
				<quantity>23</quantity>
			</Point>
			<Point>
				<position>3</position>
				<quantity>25</quantity>
			</Point>
			<Point>
				<position>4</position>
				<quantity>25</quantity>
			</Point>
			<Point>
				<position>5</position>
				<quantity>26</quantity>
			</Point>
			<Point>
				<position>6</position>
				<quantity>52</quantity>
			</Point>
			<Point>
				<position>7</position>
				<quantity>52</quantity>
			</Point>
			<Point>
				<position>8</position>
				<quantity>38</quantity>
			</Point>
			<Point>
				<position>9</position>
				<quantity>40</quantity>
			</Point>
			<Point>
				<position>10</position>
				<quantity>49</quantity>
			</Point>
			<Point>
				<position>11</position>
				<quantity>50</quantity>
			</Point>
			<Point>
				<position>12</position>
				<quantity>50</quantity>
			</Point>
			<Point>
				<position>13</position>
				<quantity>1</quantity>
			</Point>
			<Point>
				<position>14</position>
				<quantity>0</quantity>
			</Point>
		</Period>
		<Period>
			<timeInterval>
				<start>2025-01-19T22:30Z</start>
				<end>2025-01-19T22:45Z</end>
			</timeInterval>
			<resolution>PT15M</resolution>
			<Point>
				<position>1</position>
				<quantity>0</quantity>
			</Point>
		</Period>
		<Period>
			<timeInterval>
				<start>2025-01-19T23:00Z</start>
				<end>2025-01-20T00:15Z</end>
			</timeInterval>
			<resolution>PT15M</resolution>
			<Point>
				<position>1</position>
				<quantity>1</quantity>
			</Point>
			<Point>
				<position>2</position>
				<quantity>0</quantity>
			</Point>
			<Point>
				<position>3</position>
				<quantity>1</quantity>
			</Point>
			<Point>
				<position>4</position>
				<quantity>4</quantity>
			</Point>
			<Point>
				<position>5</position>
				<quantity>3</quantity>
			</Point>
		</Period>
		<Period>
			<timeInterval>
				<start>2025-01-20T04:00Z</start>
				<end>2025-01-20T04:30Z</end>
			</timeInterval>
			<resolution>PT15M</resolution>
			<Point>
				<position>1</position>
				<quantity>23</quantity>
			</Point>
			<Point>
				<position>2</position>
				<quantity>2</quantity>
			</Point>
		</Period>
	</TimeSeries>
	<TimeSeries>
		<mRID>4</mRID>
		<businessType>A19</businessType>
		<flowDirection.direction>A02</flowDirection.direction>
		<quantity_Measure_Unit.name>MWH</quantity_Measure_Unit.name>
		<curveType>A01</curveType>
		<Period>
			<timeInterval>
				<start>2025-01-18T18:00Z</start>
				<end>2025-01-18T18:15Z</end>
			</timeInterval>
			<resolution>PT15M</resolution>
			<Point>
				<position>1</position>
				<quantity>0</quantity>
			</Point>
		</Period>
		<Period>
			<timeInterval>
				<start>2025-01-18T22:30Z</start>
				<end>2025-01-18T22:45Z</end>
			</timeInterval>
			<resolution>PT15M</resolution>
			<Point>
				<position>1</position>
				<quantity>1</quantity>
			</Point>
		</Period>
		<Period>
			<timeInterval>
				<start>2025-01-19T01:45Z</start>
				<end>2025-01-19T02:00Z</end>
			</timeInterval>
			<resolution>PT15M</resolution>
			<Point>
				<position>1</position>
				<quantity>0</quantity>
			</Point>
		</Period>
		<Period>
			<timeInterval>
				<start>2025-01-19T04:30Z</start>
				<end>2025-01-19T05:45Z</end>
			</timeInterval>
			<resolution>PT15M</resolution>
			<Point>
				<position>1</position>
				<quantity>0</quantity>
			</Point>
			<Point>
				<position>2</position>
				<quantity>0</quantity>
			</Point>
			<Point>
				<position>3</position>
				<quantity>2</quantity>
			</Point>
			<Point>
				<position>4</position>
				<quantity>5</quantity>
			</Point>
			<Point>
				<position>5</position>
				<quantity>1</quantity>
			</Point>
		</Period>
		<Period>
			<timeInterval>
				<start>2025-01-19T06:15Z</start>
				<end>2025-01-19T07:00Z</end>
			</timeInterval>
			<resolution>PT15M</resolution>
			<Point>
				<position>1</position>
				<quantity>1</quantity>
			</Point>
			<Point>
				<position>2</position>
				<quantity>6</quantity>
			</Point>
			<Point>
				<position>3</position>
				<quantity>4</quantity>
			</Point>
		</Period>
		<Period>
			<timeInterval>
				<start>2025-01-19T08:00Z</start>
				<end>2025-01-19T17:00Z</end>
			</timeInterval>
			<resolution>PT15M</resolution>
			<Point>
				<position>1</position>
				<quantity>7</quantity>
			</Point>
			<Point>
				<position>2</position>
				<quantity>5</quantity>
			</Point>
			<Point>
				<position>3</position>
				<quantity>17</quantity>
			</Point>
			<Point>
				<position>4</position>
				<quantity>1</quantity>
			</Point>
			<Point>
				<position>5</position>
				<quantity>27</quantity>
			</Point>
			<Point>
				<position>6</position>
				<quantity>25</quantity>
			</Point>
			<Point>
				<position>7</position>
				<quantity>14</quantity>
			</Point>
			<Point>
				<position>8</position>
				<quantity>26</quantity>
			</Point>
			<Point>
				<position>9</position>
				<quantity>33</quantity>
			</Point>
			<Point>
				<position>10</position>
				<quantity>30</quantity>
			</Point>
			<Point>
				<position>11</position>
				<quantity>31</quantity>
			</Point>
			<Point>
				<position>12</position>
				<quantity>55</quantity>
			</Point>
			<Point>
				<position>13</position>
				<quantity>42</quantity>
			</Point>
			<Point>
				<position>14</position>
				<quantity>45</quantity>
			</Point>
			<Point>
				<position>15</position>
				<quantity>80</quantity>
			</Point>
			<Point>
				<position>16</position>
				<quantity>69</quantity>
			</Point>
			<Point>
				<position>17</position>
				<quantity>56</quantity>
			</Point>
			<Point>
				<position>18</position>
				<quantity>57</quantity>
			</Point>
			<Point>
				<position>19</position>
				<quantity>54</quantity>
			</Point>
			<Point>
				<position>20</position>
				<quantity>54</quantity>
			</Point>
			<Point>
				<position>21</position>
				<quantity>49</quantity>
			</Point>
			<Point>
				<position>22</position>
				<quantity>50</quantity>
			</Point>
			<Point>
				<position>23</position>
				<quantity>50</quantity>
			</Point>
			<Point>
				<position>24</position>
				<quantity>79</quantity>
			</Point>
			<Point>
				<position>25</position>
				<quantity>49</quantity>
			</Point>
			<Point>
				<position>26</position>
				<quantity>44</quantity>
			</Point>
			<Point>
				<position>27</position>
				<quantity>31</quantity>
			</Point>
			<Point>
				<position>28</position>
				<quantity>22</quantity>
			</Point>
			<Point>
				<position>29</position>
				<quantity>18</quantity>
			</Point>
			<Point>
				<position>30</position>
				<quantity>28</quantity>
			</Point>
			<Point>
				<position>31</position>
				<quantity>46</quantity>
			</Point>
			<Point>
				<position>32</position>
				<quantity>58</quantity>
			</Point>
			<Point>
				<position>33</position>
				<quantity>30</quantity>
			</Point>
			<Point>
				<position>34</position>
				<quantity>23</quantity>
			</Point>
			<Point>
				<position>35</position>
				<quantity>0</quantity>
			</Point>
			<Point>
				<position>36</position>
				<quantity>0</quantity>
			</Point>
		</Period>
		<Period>
			<timeInterval>
				<start>2025-01-19T17:30Z</start>
				<end>2025-01-19T17:45Z</end>
			</timeInterval>
			<resolution>PT15M</resolution>
			<Point>
				<position>1</position>
				<quantity>0</quantity>
			</Point>
		</Period>
		<Period>
			<timeInterval>
				<start>2025-01-19T18:00Z</start>
				<end>2025-01-19T18:15Z</end>
			</timeInterval>
			<resolution>PT15M</resolution>
			<Point>
				<position>1</position>
				<quantity>0</quantity>
			</Point>
		</Period>
		<Period>
			<timeInterval>
				<start>2025-01-19T21:45Z</start>
				<end>2025-01-19T22:30Z</end>
			</timeInterval>
			<resolution>PT15M</resolution>
			<Point>
				<position>1</position>
				<quantity>0</quantity>
			</Point>
			<Point>
				<position>2</position>
				<quantity>3</quantity>
			</Point>
			<Point>
				<position>3</position>
				<quantity>0</quantity>
			</Point>
		</Period>
		<Period>
			<timeInterval>
				<start>2025-01-19T22:45Z</start>
				<end>2025-01-19T23:00Z</end>
			</timeInterval>
			<resolution>PT15M</resolution>
			<Point>
				<position>1</position>
				<quantity>0</quantity>
			</Point>
		</Period>
		<Period>
			<timeInterval>
				<start>2025-01-20T00:15Z</start>
				<end>2025-01-20T04:00Z</end>
			</timeInterval>
			<resolution>PT15M</resolution>
			<Point>
				<position>1</position>
				<quantity>1</quantity>
			</Point>
			<Point>
				<position>2</position>
				<quantity>0</quantity>
			</Point>
			<Point>
				<position>3</position>
				<quantity>1</quantity>
			</Point>
			<Point>
				<position>4</position>
				<quantity>0</quantity>
			</Point>
			<Point>
				<position>5</position>
				<quantity>2</quantity>
			</Point>
			<Point>
				<position>6</position>
				<quantity>2</quantity>
			</Point>
			<Point>
				<position>7</position>
				<quantity>7</quantity>
			</Point>
			<Point>
				<position>8</position>
				<quantity>1</quantity>
			</Point>
			<Point>
				<position>9</position>
				<quantity>1</quantity>
			</Point>
			<Point>
				<position>10</position>
				<quantity>13</quantity>
			</Point>
			<Point>
				<position>11</position>
				<quantity>9</quantity>
			</Point>
			<Point>
				<position>12</position>
				<quantity>2</quantity>
			</Point>
			<Point>
				<position>13</position>
				<quantity>2</quantity>
			</Point>
			<Point>
				<position>14</position>
				<quantity>7</quantity>
			</Point>
			<Point>
				<position>15</position>
				<quantity>16</quantity>
			</Point>
		</Period>
		<Period>
			<timeInterval>
				<start>2025-01-20T04:30Z</start>
				<end>2025-01-20T07:45Z</end>
			</timeInterval>
			<resolution>PT15M</resolution>
			<Point>
				<position>1</position>
				<quantity>8</quantity>
			</Point>
			<Point>
				<position>2</position>
				<quantity>32</quantity>
			</Point>
			<Point>
				<position>3</position>
				<quantity>7</quantity>
			</Point>
			<Point>
				<position>4</position>
				<quantity>36</quantity>
			</Point>
			<Point>
				<position>5</position>
				<quantity>41</quantity>
			</Point>
			<Point>
				<position>6</position>
				<quantity>66</quantity>
			</Point>
			<Point>
				<position>7</position>
				<quantity>68</quantity>
			</Point>
			<Point>
				<position>8</position>
				<quantity>58</quantity>
			</Point>
			<Point>
				<position>9</position>
				<quantity>57</quantity>
			</Point>
			<Point>
				<position>10</position>
				<quantity>63</quantity>
			</Point>
			<Point>
				<position>11</position>
				<quantity>63</quantity>
			</Point>
			<Point>
				<position>12</position>
				<quantity>62</quantity>
			</Point>
			<Point>
				<position>13</position>
				<quantity>38</quantity>
			</Point>
		</Period>
	</TimeSeries>
	<TimeSeries>
		<mRID>5</mRID>
		<businessType>A19</businessType>
		<flowDirection.direction>A02</flowDirection.direction>
		<quantity_Measure_Unit.name>MWH</quantity_Measure_Unit.name>
		<curveType>A01</curveType>
		<Period>
			<timeInterval>
				<start>2025-01-20T08:15Z</start>
				<end>2025-01-20T08:30Z</end>
			</timeInterval>
			<resolution>PT15M</resolution>
			<Point>
				<position>1</position>
				<quantity>1</quantity>
			</Point>
		</Period>
		<Period>
			<timeInterval>
				<start>2025-01-20T09:15Z</start>
				<end>2025-01-20T09:30Z</end>
			</timeInterval>
			<resolution>PT15M</resolution>
			<Point>
				<position>1</position>
				<quantity>3</quantity>
			</Point>
		</Period>
		<Period>
			<timeInterval>
				<start>2025-01-20T10:00Z</start>
				<end>2025-01-20T11:00Z</end>
			</timeInterval>
			<resolution>PT15M</resolution>
			<Point>
				<position>1</position>
				<quantity>2</quantity>
			</Point>
			<Point>
				<position>2</position>
				<quantity>18</quantity>
			</Point>
			<Point>
				<position>3</position>
				<quantity>6</quantity>
			</Point>
			<Point>
				<position>4</position>
				<quantity>5</quantity>
			</Point>
		</Period>
		<Period>
			<timeInterval>
				<start>2025-01-20T11:15Z</start>
				<end>2025-01-20T11:45Z</end>
			</timeInterval>
			<resolution>PT15M</resolution>
			<Point>
				<position>1</position>
				<quantity>3</quantity>
			</Point>
			<Point>
				<position>2</position>
				<quantity>2</quantity>
			</Point>
		</Period>
		<Period>
			<timeInterval>
				<start>2025-01-20T12:00Z</start>
				<end>2025-01-20T12:15Z</end>
			</timeInterval>
			<resolution>PT15M</resolution>
			<Point>
				<position>1</position>
				<quantity>1</quantity>
			</Point>
		</Period>
	</TimeSeries>
	<TimeSeries>
		<mRID>6</mRID>
		<businessType>A19</businessType>
		<flowDirection.direction>A01</flowDirection.direction>
		<quantity_Measure_Unit.name>MWH</quantity_Measure_Unit.name>
		<curveType>A01</curveType>
		<Period>
			<timeInterval>
				<start>2025-01-20T08:30Z</start>
				<end>2025-01-20T09:15Z</end>
			</timeInterval>
			<resolution>PT15M</resolution>
			<Point>
				<position>1</position>
				<quantity>0</quantity>
			</Point>
			<Point>
				<position>2</position>
				<quantity>33</quantity>
			</Point>
			<Point>
				<position>3</position>
				<quantity>21</quantity>
			</Point>
		</Period>
		<Period>
			<timeInterval>
				<start>2025-01-20T09:30Z</start>
				<end>2025-01-20T10:00Z</end>
			</timeInterval>
			<resolution>PT15M</resolution>
			<Point>
				<position>1</position>
				<quantity>1</quantity>
			</Point>
			<Point>
				<position>2</position>
				<quantity>13</quantity>
			</Point>
		</Period>
		<Period>
			<timeInterval>
				<start>2025-01-20T11:00Z</start>
				<end>2025-01-20T11:15Z</end>
			</timeInterval>
			<resolution>PT15M</resolution>
			<Point>
				<position>1</position>
				<quantity>0</quantity>
			</Point>
		</Period>
		<Period>
			<timeInterval>
				<start>2025-01-20T11:45Z</start>
				<end>2025-01-20T12:00Z</end>
			</timeInterval>
			<resolution>PT15M</resolution>
			<Point>
				<position>1</position>
				<quantity>0</quantity>
			</Point>
		</Period>
	</TimeSeries>
	<TimeSeries>
		<mRID>7</mRID>
		<businessType>A19</businessType>
		<flowDirection.direction>A02</flowDirection.direction>
		<quantity_Measure_Unit.name>MWH</quantity_Measure_Unit.name>
		<curveType>A01</curveType>
		<Period>
			<timeInterval>
				<start>2025-01-20T12:45Z</start>
				<end>2025-01-20T13:00Z</end>
			</timeInterval>
			<resolution>PT15M</resolution>
			<Point>
				<position>1</position>
				<quantity>2</quantity>
			</Point>
		</Period>
	</TimeSeries>
	<TimeSeries>
		<mRID>8</mRID>
		<businessType>A19</businessType>
		<flowDirection.direction>A01</flowDirection.direction>
		<quantity_Measure_Unit.name>MWH</quantity_Measure_Unit.name>
		<curveType>A01</curveType>
		<Period>
			<timeInterval>
				<start>2025-01-20T13:00Z</start>
				<end>2025-01-20T13:30Z</end>
			</timeInterval>
			<resolution>PT15M</resolution>
			<Point>
				<position>1</position>
				<quantity>25</quantity>
			</Point>
			<Point>
				<position>2</position>
				<quantity>20</quantity>
			</Point>
		</Period>
	</TimeSeries>
</Balancing_MarketDocument>
