{"cod": "200", "message": 0, "cnt": 96, "list": [{"dt": 1708700400, "main": {"temp": 10.98, "feels_like": 9.52, "temp_min": 9.97, "temp_max": 10.98, "pressure": 1010, "sea_level": 1010, "grnd_level": 952, "humidity": 53, "temp_kf": 1.01}, "weather": [{"id": 803, "main": "Clouds", "description": "broken clouds", "icon": "04d"}], "clouds": {"all": 82}, "wind": {"speed": 1.5, "deg": 205, "gust": 1.87}, "visibility": 10000, "pop": 0, "sys": {"pod": "d"}, "dt_txt": "2024-02-23 15:00:00"}, {"dt": 1708704000, "main": {"temp": 10.33, "feels_like": 8.85, "temp_min": 7.73, "temp_max": 10.33, "pressure": 1010, "sea_level": 1010, "grnd_level": 952, "humidity": 55, "temp_kf": 2.6}, "weather": [{"id": 803, "main": "Clouds", "description": "broken clouds", "icon": "04n"}], "clouds": {"all": 83}, "wind": {"speed": 0.96, "deg": 163, "gust": 0.95}, "visibility": 10000, "pop": 0, "sys": {"pod": "n"}, "dt_txt": "2024-02-23 16:00:00"}, {"dt": 1708707600, "main": {"temp": 9.42, "feels_like": 8.69, "temp_min": 7.09, "temp_max": 9.42, "pressure": 1011, "sea_level": 1011, "grnd_level": 953, "humidity": 57, "temp_kf": 2.33}, "weather": [{"id": 803, "main": "Clouds", "description": "broken clouds", "icon": "04n"}], "clouds": {"all": 84}, "wind": {"speed": 1.8, "deg": 113, "gust": 1.71}, "visibility": 10000, "pop": 0, "sys": {"pod": "n"}, "dt_txt": "2024-02-23 17:00:00"}, {"dt": 1708711200, "main": {"temp": 8.41, "feels_like": 7.38, "temp_min": 6.69, "temp_max": 8.41, "pressure": 1011, "sea_level": 1011, "grnd_level": 953, "humidity": 61, "temp_kf": 1.72}, "weather": [{"id": 804, "main": "Clouds", "description": "overcast clouds", "icon": "04n"}], "clouds": {"all": 86}, "wind": {"speed": 1.96, "deg": 105, "gust": 1.81}, "visibility": 10000, "pop": 0, "sys": {"pod": "n"}, "dt_txt": "2024-02-23 18:00:00"}, {"dt": 1708714800, "main": {"temp": 7.4, "feels_like": 6.27, "temp_min": 6.5, "temp_max": 7.4, "pressure": 1012, "sea_level": 1012, "grnd_level": 953, "humidity": 64, "temp_kf": 0.9}, "weather": [{"id": 804, "main": "Clouds", "description": "overcast clouds", "icon": "04n"}], "clouds": {"all": 96}, "wind": {"speed": 1.89, "deg": 100, "gust": 1.74}, "visibility": 10000, "pop": 0, "sys": {"pod": "n"}, "dt_txt": "2024-02-23 19:00:00"}, {"dt": 1708718400, "main": {"temp": 6.1, "feels_like": 4.7, "temp_min": 6.1, "temp_max": 6.1, "pressure": 1013, "sea_level": 1013, "grnd_level": 953, "humidity": 66, "temp_kf": 0}, "weather": [{"id": 804, "main": "Clouds", "description": "overcast clouds", "icon": "04n"}], "clouds": {"all": 88}, "wind": {"speed": 1.95, "deg": 103, "gust": 1.82}, "visibility": 10000, "pop": 0, "sys": {"pod": "n"}, "dt_txt": "2024-02-23 20:00:00"}, {"dt": 1708722000, "main": {"temp": 5.89, "feels_like": 4.55, "temp_min": 5.89, "temp_max": 5.89, "pressure": 1013, "sea_level": 1013, "grnd_level": 954, "humidity": 66, "temp_kf": 0}, "weather": [{"id": 803, "main": "Clouds", "description": "broken clouds", "icon": "04n"}], "clouds": {"all": 66}, "wind": {"speed": 1.86, "deg": 104, "gust": 1.73}, "visibility": 10000, "pop": 0, "sys": {"pod": "n"}, "dt_txt": "2024-02-23 21:00:00"}, {"dt": 1708725600, "main": {"temp": 5.76, "feels_like": 4.31, "temp_min": 5.76, "temp_max": 5.76, "pressure": 1013, "sea_level": 1013, "grnd_level": 954, "humidity": 65, "temp_kf": 0}, "weather": [{"id": 803, "main": "Clouds", "description": "broken clouds", "icon": "04n"}], "clouds": {"all": 66}, "wind": {"speed": 1.94, "deg": 104, "gust": 1.82}, "visibility": 10000, "pop": 0, "sys": {"pod": "n"}, "dt_txt": "2024-02-23 22:00:00"}, {"dt": 1708729200, "main": {"temp": 5.6, "feels_like": 4.02, "temp_min": 5.6, "temp_max": 5.6, "pressure": 1013, "sea_level": 1013, "grnd_level": 954, "humidity": 67, "temp_kf": 0}, "weather": [{"id": 803, "main": "Clouds", "description": "broken clouds", "icon": "04n"}], "clouds": {"all": 72}, "wind": {"speed": 2.05, "deg": 94, "gust": 1.91}, "visibility": 10000, "pop": 0, "sys": {"pod": "n"}, "dt_txt": "2024-02-23 23:00:00"}, {"dt": 1708732800, "main": {"temp": 5.41, "feels_like": 3.62, "temp_min": 5.41, "temp_max": 5.41, "pressure": 1013, "sea_level": 1013, "grnd_level": 954, "humidity": 69, "temp_kf": 0}, "weather": [{"id": 803, "main": "Clouds", "description": "broken clouds", "icon": "04n"}], "clouds": {"all": 77}, "wind": {"speed": 2.23, "deg": 95, "gust": 2.01}, "visibility": 10000, "pop": 0, "sys": {"pod": "n"}, "dt_txt": "2024-02-24 00:00:00"}, {"dt": 1708736400, "main": {"temp": 5.27, "feels_like": 3.7, "temp_min": 5.27, "temp_max": 5.27, "pressure": 1013, "sea_level": 1013, "grnd_level": 954, "humidity": 70, "temp_kf": 0}, "weather": [{"id": 804, "main": "Clouds", "description": "overcast clouds", "icon": "04n"}], "clouds": {"all": 95}, "wind": {"speed": 1.98, "deg": 93, "gust": 1.88}, "visibility": 10000, "pop": 0, "sys": {"pod": "n"}, "dt_txt": "2024-02-24 01:00:00"}, {"dt": 1708740000, "main": {"temp": 5.1, "feels_like": 3.47, "temp_min": 5.1, "temp_max": 5.1, "pressure": 1013, "sea_level": 1013, "grnd_level": 954, "humidity": 72, "temp_kf": 0}, "weather": [{"id": 803, "main": "Clouds", "description": "broken clouds", "icon": "04n"}], "clouds": {"all": 78}, "wind": {"speed": 2.01, "deg": 87, "gust": 1.84}, "visibility": 10000, "pop": 0, "sys": {"pod": "n"}, "dt_txt": "2024-02-24 02:00:00"}, {"dt": 1708743600, "main": {"temp": 4.96, "feels_like": 3.28, "temp_min": 4.96, "temp_max": 4.96, "pressure": 1013, "sea_level": 1013, "grnd_level": 954, "humidity": 73, "temp_kf": 0}, "weather": [{"id": 803, "main": "Clouds", "description": "broken clouds", "icon": "04n"}], "clouds": {"all": 82}, "wind": {"speed": 2.04, "deg": 93, "gust": 1.88}, "visibility": 10000, "pop": 0, "sys": {"pod": "n"}, "dt_txt": "2024-02-24 03:00:00"}, {"dt": 1708747200, "main": {"temp": 4.97, "feels_like": 3.4, "temp_min": 4.97, "temp_max": 4.97, "pressure": 1014, "sea_level": 1014, "grnd_level": 954, "humidity": 73, "temp_kf": 0}, "weather": [{"id": 804, "main": "Clouds", "description": "overcast clouds", "icon": "04n"}], "clouds": {"all": 86}, "wind": {"speed": 1.94, "deg": 89, "gust": 1.83}, "visibility": 10000, "pop": 0, "sys": {"pod": "n"}, "dt_txt": "2024-02-24 04:00:00"}, {"dt": 1708750800, "main": {"temp": 5.37, "feels_like": 3.81, "temp_min": 5.37, "temp_max": 5.37, "pressure": 1014, "sea_level": 1014, "grnd_level": 954, "humidity": 72, "temp_kf": 0}, "weather": [{"id": 804, "main": "Clouds", "description": "overcast clouds", "icon": "04n"}], "clouds": {"all": 89}, "wind": {"speed": 1.99, "deg": 93, "gust": 1.83}, "visibility": 10000, "pop": 0, "sys": {"pod": "n"}, "dt_txt": "2024-02-24 05:00:00"}, {"dt": 1708754400, "main": {"temp": 6.03, "feels_like": 4.56, "temp_min": 6.03, "temp_max": 6.03, "pressure": 1014, "sea_level": 1014, "grnd_level": 955, "humidity": 71, "temp_kf": 0}, "weather": [{"id": 804, "main": "Clouds", "description": "overcast clouds", "icon": "04d"}], "clouds": {"all": 90}, "wind": {"speed": 2.01, "deg": 91, "gust": 1.92}, "visibility": 10000, "pop": 0, "sys": {"pod": "d"}, "dt_txt": "2024-02-24 06:00:00"}, {"dt": 1708758000, "main": {"temp": 8.16, "feels_like": 8.16, "temp_min": 8.16, "temp_max": 8.16, "pressure": 1014, "sea_level": 1014, "grnd_level": 955, "humidity": 65, "temp_kf": 0}, "weather": [{"id": 804, "main": "Clouds", "description": "overcast clouds", "icon": "04d"}], "clouds": {"all": 98}, "wind": {"speed": 1.26, "deg": 97, "gust": 1.94}, "visibility": 10000, "pop": 0, "sys": {"pod": "d"}, "dt_txt": "2024-02-24 07:00:00"}, {"dt": 1708761600, "main": {"temp": 10.2, "feels_like": 8.76, "temp_min": 10.2, "temp_max": 10.2, "pressure": 1014, "sea_level": 1014, "grnd_level": 955, "humidity": 57, "temp_kf": 0}, "weather": [{"id": 804, "main": "Clouds", "description": "overcast clouds", "icon": "04d"}], "clouds": {"all": 99}, "wind": {"speed": 0.52, "deg": 139, "gust": 1.51}, "visibility": 10000, "pop": 0, "sys": {"pod": "d"}, "dt_txt": "2024-02-24 08:00:00"}, {"dt": 1708765200, "main": {"temp": 11.4, "feels_like": 9.98, "temp_min": 11.4, "temp_max": 11.4, "pressure": 1014, "sea_level": 1014, "grnd_level": 956, "humidity": 53, "temp_kf": 0}, "weather": [{"id": 804, "main": "Clouds", "description": "overcast clouds", "icon": "04d"}], "clouds": {"all": 99}, "wind": {"speed": 1.36, "deg": 231, "gust": 3.1}, "visibility": 10000, "pop": 0, "sys": {"pod": "d"}, "dt_txt": "2024-02-24 09:00:00"}, {"dt": 1708768800, "main": {"temp": 11.96, "feels_like": 10.54, "temp_min": 11.96, "temp_max": 11.96, "pressure": 1014, "sea_level": 1014, "grnd_level": 956, "humidity": 51, "temp_kf": 0}, "weather": [{"id": 804, "main": "Clouds", "description": "overcast clouds", "icon": "04d"}], "clouds": {"all": 99}, "wind": {"speed": 1.66, "deg": 240, "gust": 3.32}, "visibility": 10000, "pop": 0, "sys": {"pod": "d"}, "dt_txt": "2024-02-24 10:00:00"}, {"dt": 1708772400, "main": {"temp": 12.35, "feels_like": 10.97, "temp_min": 12.35, "temp_max": 12.35, "pressure": 1014, "sea_level": 1014, "grnd_level": 955, "humidity": 51, "temp_kf": 0}, "weather": [{"id": 804, "main": "Clouds", "description": "overcast clouds", "icon": "04d"}], "clouds": {"all": 99}, "wind": {"speed": 1.35, "deg": 237, "gust": 2.85}, "visibility": 10000, "pop": 0, "sys": {"pod": "d"}, "dt_txt": "2024-02-24 11:00:00"}, {"dt": 1708776000, "main": {"temp": 12.68, "feels_like": 11.31, "temp_min": 12.68, "temp_max": 12.68, "pressure": 1013, "sea_level": 1013, "grnd_level": 955, "humidity": 50, "temp_kf": 0}, "weather": [{"id": 804, "main": "Clouds", "description": "overcast clouds", "icon": "04d"}], "clouds": {"all": 100}, "wind": {"speed": 1.27, "deg": 238, "gust": 2.86}, "visibility": 10000, "pop": 0, "sys": {"pod": "d"}, "dt_txt": "2024-02-24 12:00:00"}, {"dt": 1708779600, "main": {"temp": 12.81, "feels_like": 11.48, "temp_min": 12.81, "temp_max": 12.81, "pressure": 1013, "sea_level": 1013, "grnd_level": 955, "humidity": 51, "temp_kf": 0}, "weather": [{"id": 804, "main": "Clouds", "description": "overcast clouds", "icon": "04d"}], "clouds": {"all": 100}, "wind": {"speed": 1.29, "deg": 234, "gust": 2.76}, "visibility": 10000, "pop": 0, "sys": {"pod": "d"}, "dt_txt": "2024-02-24 13:00:00"}, {"dt": 1708783200, "main": {"temp": 12.55, "feels_like": 11.24, "temp_min": 12.55, "temp_max": 12.55, "pressure": 1013, "sea_level": 1013, "grnd_level": 955, "humidity": 53, "temp_kf": 0}, "weather": [{"id": 804, "main": "Clouds", "description": "overcast clouds", "icon": "04d"}], "clouds": {"all": 100}, "wind": {"speed": 0.77, "deg": 237, "gust": 1.59}, "visibility": 10000, "pop": 0, "sys": {"pod": "d"}, "dt_txt": "2024-02-24 14:00:00"}, {"dt": 1708786800, "main": {"temp": 11.36, "feels_like": 10.14, "temp_min": 11.36, "temp_max": 11.36, "pressure": 1014, "sea_level": 1014, "grnd_level": 956, "humidity": 61, "temp_kf": 0}, "weather": [{"id": 804, "main": "Clouds", "description": "overcast clouds", "icon": "04d"}], "clouds": {"all": 100}, "wind": {"speed": 0.38, "deg": 299, "gust": 0.9}, "visibility": 10000, "pop": 0, "sys": {"pod": "d"}, "dt_txt": "2024-02-24 15:00:00"}, {"dt": 1708790400, "main": {"temp": 10.26, "feels_like": 9.01, "temp_min": 10.26, "temp_max": 10.26, "pressure": 1015, "sea_level": 1015, "grnd_level": 956, "humidity": 64, "temp_kf": 0}, "weather": [{"id": 804, "main": "Clouds", "description": "overcast clouds", "icon": "04n"}], "clouds": {"all": 100}, "wind": {"speed": 0.71, "deg": 67, "gust": 0.87}, "visibility": 10000, "pop": 0, "sys": {"pod": "n"}, "dt_txt": "2024-02-24 16:00:00"}, {"dt": 1708794000, "main": {"temp": 9.8, "feels_like": 9.8, "temp_min": 9.8, "temp_max": 9.8, "pressure": 1015, "sea_level": 1015, "grnd_level": 956, "humidity": 66, "temp_kf": 0}, "weather": [{"id": 804, "main": "Clouds", "description": "overcast clouds", "icon": "04n"}], "clouds": {"all": 100}, "wind": {"speed": 1.3, "deg": 89, "gust": 1.23}, "visibility": 10000, "pop": 0, "sys": {"pod": "n"}, "dt_txt": "2024-02-24 17:00:00"}, {"dt": 1708797600, "main": {"temp": 9.47, "feels_like": 9.08, "temp_min": 9.47, "temp_max": 9.47, "pressure": 1015, "sea_level": 1015, "grnd_level": 956, "humidity": 68, "temp_kf": 0}, "weather": [{"id": 804, "main": "Clouds", "description": "overcast clouds", "icon": "04n"}], "clouds": {"all": 100}, "wind": {"speed": 1.47, "deg": 93, "gust": 1.41}, "visibility": 10000, "pop": 0, "sys": {"pod": "n"}, "dt_txt": "2024-02-24 18:00:00"}, {"dt": 1708801200, "main": {"temp": 9.18, "feels_like": 8.75, "temp_min": 9.18, "temp_max": 9.18, "pressure": 1015, "sea_level": 1015, "grnd_level": 957, "humidity": 69, "temp_kf": 0}, "weather": [{"id": 804, "main": "Clouds", "description": "overcast clouds", "icon": "04n"}], "clouds": {"all": 100}, "wind": {"speed": 1.47, "deg": 93, "gust": 1.42}, "visibility": 10000, "pop": 0, "sys": {"pod": "n"}, "dt_txt": "2024-02-24 19:00:00"}, {"dt": 1708804800, "main": {"temp": 9.23, "feels_like": 8.81, "temp_min": 9.23, "temp_max": 9.23, "pressure": 1016, "sea_level": 1016, "grnd_level": 957, "humidity": 69, "temp_kf": 0}, "weather": [{"id": 804, "main": "Clouds", "description": "overcast clouds", "icon": "04n"}], "clouds": {"all": 100}, "wind": {"speed": 1.46, "deg": 100, "gust": 1.42}, "visibility": 10000, "pop": 0, "sys": {"pod": "n"}, "dt_txt": "2024-02-24 20:00:00"}, {"dt": 1708808400, "main": {"temp": 9.32, "feels_like": 8.96, "temp_min": 9.32, "temp_max": 9.32, "pressure": 1016, "sea_level": 1016, "grnd_level": 957, "humidity": 69, "temp_kf": 0}, "weather": [{"id": 804, "main": "Clouds", "description": "overcast clouds", "icon": "04n"}], "clouds": {"all": 100}, "wind": {"speed": 1.42, "deg": 105, "gust": 1.4}, "visibility": 10000, "pop": 0, "sys": {"pod": "n"}, "dt_txt": "2024-02-24 21:00:00"}, {"dt": 1708812000, "main": {"temp": 9.3, "feels_like": 9.3, "temp_min": 9.3, "temp_max": 9.3, "pressure": 1016, "sea_level": 1016, "grnd_level": 957, "humidity": 69, "temp_kf": 0}, "weather": [{"id": 804, "main": "Clouds", "description": "overcast clouds", "icon": "04n"}], "clouds": {"all": 100}, "wind": {"speed": 1.3, "deg": 115, "gust": 1.32}, "visibility": 10000, "pop": 0, "sys": {"pod": "n"}, "dt_txt": "2024-02-24 22:00:00"}, {"dt": 1708815600, "main": {"temp": 9.4, "feels_like": 9.4, "temp_min": 9.4, "temp_max": 9.4, "pressure": 1016, "sea_level": 1016, "grnd_level": 957, "humidity": 69, "temp_kf": 0}, "weather": [{"id": 804, "main": "Clouds", "description": "overcast clouds", "icon": "04n"}], "clouds": {"all": 100}, "wind": {"speed": 1.33, "deg": 108, "gust": 1.25}, "visibility": 10000, "pop": 0, "sys": {"pod": "n"}, "dt_txt": "2024-02-24 23:00:00"}, {"dt": 1708819200, "main": {"temp": 9.29, "feels_like": 9.29, "temp_min": 9.29, "temp_max": 9.29, "pressure": 1016, "sea_level": 1016, "grnd_level": 957, "humidity": 70, "temp_kf": 0}, "weather": [{"id": 804, "main": "Clouds", "description": "overcast clouds", "icon": "04n"}], "clouds": {"all": 100}, "wind": {"speed": 0.99, "deg": 129, "gust": 1}, "visibility": 10000, "pop": 0, "sys": {"pod": "n"}, "dt_txt": "2024-02-25 00:00:00"}, {"dt": 1708822800, "main": {"temp": 9.24, "feels_like": 9.24, "temp_min": 9.24, "temp_max": 9.24, "pressure": 1016, "sea_level": 1016, "grnd_level": 957, "humidity": 71, "temp_kf": 0}, "weather": [{"id": 804, "main": "Clouds", "description": "overcast clouds", "icon": "04n"}], "clouds": {"all": 100}, "wind": {"speed": 0.78, "deg": 125, "gust": 0.82}, "visibility": 10000, "pop": 0.08, "sys": {"pod": "n"}, "dt_txt": "2024-02-25 01:00:00"}, {"dt": 1708826400, "main": {"temp": 9.04, "feels_like": 8.49, "temp_min": 9.04, "temp_max": 9.04, "pressure": 1016, "sea_level": 1016, "grnd_level": 957, "humidity": 72, "temp_kf": 0}, "weather": [{"id": 804, "main": "Clouds", "description": "overcast clouds", "icon": "04n"}], "clouds": {"all": 100}, "wind": {"speed": 1.56, "deg": 83, "gust": 1.49}, "visibility": 10000, "pop": 0.08, "sys": {"pod": "n"}, "dt_txt": "2024-02-25 02:00:00"}, {"dt": 1708830000, "main": {"temp": 8.28, "feels_like": 7.35, "temp_min": 8.28, "temp_max": 8.28, "pressure": 1016, "sea_level": 1016, "grnd_level": 957, "humidity": 75, "temp_kf": 0}, "weather": [{"id": 804, "main": "Clouds", "description": "overcast clouds", "icon": "04n"}], "clouds": {"all": 100}, "wind": {"speed": 1.82, "deg": 94, "gust": 1.68}, "visibility": 10000, "pop": 0.04, "sys": {"pod": "n"}, "dt_txt": "2024-02-25 03:00:00"}, {"dt": 1708833600, "main": {"temp": 7.99, "feels_like": 7.29, "temp_min": 7.99, "temp_max": 7.99, "pressure": 1016, "sea_level": 1016, "grnd_level": 957, "humidity": 77, "temp_kf": 0}, "weather": [{"id": 804, "main": "Clouds", "description": "overcast clouds", "icon": "04n"}], "clouds": {"all": 100}, "wind": {"speed": 1.56, "deg": 101, "gust": 1.46}, "visibility": 10000, "pop": 0, "sys": {"pod": "n"}, "dt_txt": "2024-02-25 04:00:00"}, {"dt": 1708837200, "main": {"temp": 7.75, "feels_like": 6.95, "temp_min": 7.75, "temp_max": 7.75, "pressure": 1016, "sea_level": 1016, "grnd_level": 957, "humidity": 78, "temp_kf": 0}, "weather": [{"id": 804, "main": "Clouds", "description": "overcast clouds", "icon": "04n"}], "clouds": {"all": 100}, "wind": {"speed": 1.62, "deg": 92, "gust": 1.49}, "visibility": 10000, "pop": 0, "sys": {"pod": "n"}, "dt_txt": "2024-02-25 05:00:00"}, {"dt": 1708840800, "main": {"temp": 8.18, "feels_like": 7.43, "temp_min": 8.18, "temp_max": 8.18, "pressure": 1017, "sea_level": 1017, "grnd_level": 957, "humidity": 77, "temp_kf": 0}, "weather": [{"id": 804, "main": "Clouds", "description": "overcast clouds", "icon": "04d"}], "clouds": {"all": 100}, "wind": {"speed": 1.63, "deg": 90, "gust": 1.47}, "visibility": 10000, "pop": 0, "sys": {"pod": "d"}, "dt_txt": "2024-02-25 06:00:00"}, {"dt": 1708844400, "main": {"temp": 9.5, "feels_like": 8.89, "temp_min": 9.5, "temp_max": 9.5, "pressure": 1016, "sea_level": 1016, "grnd_level": 957, "humidity": 72, "temp_kf": 0}, "weather": [{"id": 804, "main": "Clouds", "description": "overcast clouds", "icon": "04d"}], "clouds": {"all": 100}, "wind": {"speed": 1.69, "deg": 83, "gust": 2.11}, "visibility": 10000, "pop": 0, "sys": {"pod": "d"}, "dt_txt": "2024-02-25 07:00:00"}, {"dt": 1708848000, "main": {"temp": 11.16, "feels_like": 10, "temp_min": 11.16, "temp_max": 11.16, "pressure": 1015, "sea_level": 1015, "grnd_level": 957, "humidity": 64, "temp_kf": 0}, "weather": [{"id": 804, "main": "Clouds", "description": "overcast clouds", "icon": "04d"}], "clouds": {"all": 100}, "wind": {"speed": 1.6, "deg": 82, "gust": 2.27}, "visibility": 10000, "pop": 0, "sys": {"pod": "d"}, "dt_txt": "2024-02-25 08:00:00"}, {"dt": 1708851600, "main": {"temp": 12.5, "feels_like": 11.29, "temp_min": 12.5, "temp_max": 12.5, "pressure": 1015, "sea_level": 1015, "grnd_level": 957, "humidity": 57, "temp_kf": 0}, "weather": [{"id": 804, "main": "Clouds", "description": "overcast clouds", "icon": "04d"}], "clouds": {"all": 100}, "wind": {"speed": 1.24, "deg": 83, "gust": 2.06}, "visibility": 10000, "pop": 0, "sys": {"pod": "d"}, "dt_txt": "2024-02-25 09:00:00"}, {"dt": 1708855200, "main": {"temp": 13.52, "feels_like": 12.31, "temp_min": 13.52, "temp_max": 13.52, "pressure": 1014, "sea_level": 1014, "grnd_level": 956, "humidity": 53, "temp_kf": 0}, "weather": [{"id": 804, "main": "Clouds", "description": "overcast clouds", "icon": "04d"}], "clouds": {"all": 100}, "wind": {"speed": 0.58, "deg": 131, "gust": 1.94}, "visibility": 10000, "pop": 0, "sys": {"pod": "d"}, "dt_txt": "2024-02-25 10:00:00"}, {"dt": 1708858800, "main": {"temp": 14.16, "feels_like": 12.94, "temp_min": 14.16, "temp_max": 14.16, "pressure": 1013, "sea_level": 1013, "grnd_level": 955, "humidity": 50, "temp_kf": 0}, "weather": [{"id": 804, "main": "Clouds", "description": "overcast clouds", "icon": "04d"}], "clouds": {"all": 100}, "wind": {"speed": 0.79, "deg": 212, "gust": 2.16}, "visibility": 10000, "pop": 0, "sys": {"pod": "d"}, "dt_txt": "2024-02-25 11:00:00"}, {"dt": 1708862400, "main": {"temp": 14.13, "feels_like": 12.93, "temp_min": 14.13, "temp_max": 14.13, "pressure": 1013, "sea_level": 1013, "grnd_level": 955, "humidity": 51, "temp_kf": 0}, "weather": [{"id": 804, "main": "Clouds", "description": "overcast clouds", "icon": "04d"}], "clouds": {"all": 100}, "wind": {"speed": 1.44, "deg": 237, "gust": 2.37}, "visibility": 10000, "pop": 0, "sys": {"pod": "d"}, "dt_txt": "2024-02-25 12:00:00"}, {"dt": 1708866000, "main": {"temp": 13.97, "feels_like": 12.78, "temp_min": 13.97, "temp_max": 13.97, "pressure": 1013, "sea_level": 1013, "grnd_level": 955, "humidity": 52, "temp_kf": 0}, "weather": [{"id": 804, "main": "Clouds", "description": "overcast clouds", "icon": "04d"}], "clouds": {"all": 100}, "wind": {"speed": 1.87, "deg": 237, "gust": 2.29}, "visibility": 10000, "pop": 0, "sys": {"pod": "d"}, "dt_txt": "2024-02-25 13:00:00"}, {"dt": 1708869600, "main": {"temp": 13.27, "feels_like": 12.14, "temp_min": 13.27, "temp_max": 13.27, "pressure": 1013, "sea_level": 1013, "grnd_level": 955, "humidity": 57, "temp_kf": 0}, "weather": [{"id": 804, "main": "Clouds", "description": "overcast clouds", "icon": "04d"}], "clouds": {"all": 100}, "wind": {"speed": 1.89, "deg": 240, "gust": 2.68}, "visibility": 10000, "pop": 0, "sys": {"pod": "d"}, "dt_txt": "2024-02-25 14:00:00"}, {"dt": 1708873200, "main": {"temp": 12.05, "feels_like": 11.01, "temp_min": 12.05, "temp_max": 12.05, "pressure": 1013, "sea_level": 1013, "grnd_level": 955, "humidity": 65, "temp_kf": 0}, "weather": [{"id": 804, "main": "Clouds", "description": "overcast clouds", "icon": "04d"}], "clouds": {"all": 100}, "wind": {"speed": 1.26, "deg": 221, "gust": 1.71}, "visibility": 10000, "pop": 0.07, "sys": {"pod": "d"}, "dt_txt": "2024-02-25 15:00:00"}, {"dt": 1708876800, "main": {"temp": 11.13, "feels_like": 10.13, "temp_min": 11.13, "temp_max": 11.13, "pressure": 1013, "sea_level": 1013, "grnd_level": 955, "humidity": 70, "temp_kf": 0}, "weather": [{"id": 804, "main": "Clouds", "description": "overcast clouds", "icon": "04n"}], "clouds": {"all": 100}, "wind": {"speed": 1.04, "deg": 167, "gust": 1.49}, "visibility": 10000, "pop": 0.15, "sys": {"pod": "n"}, "dt_txt": "2024-02-25 16:00:00"}, {"dt": 1708880400, "main": {"temp": 10.8, "feels_like": 9.87, "temp_min": 10.8, "temp_max": 10.8, "pressure": 1013, "sea_level": 1013, "grnd_level": 955, "humidity": 74, "temp_kf": 0}, "weather": [{"id": 804, "main": "Clouds", "description": "overcast clouds", "icon": "04n"}], "clouds": {"all": 100}, "wind": {"speed": 1.48, "deg": 136, "gust": 2.25}, "visibility": 10000, "pop": 0.15, "sys": {"pod": "n"}, "dt_txt": "2024-02-25 17:00:00"}, {"dt": 1708884000, "main": {"temp": 10.45, "feels_like": 9.59, "temp_min": 10.45, "temp_max": 10.45, "pressure": 1013, "sea_level": 1013, "grnd_level": 955, "humidity": 78, "temp_kf": 0}, "weather": [{"id": 804, "main": "Clouds", "description": "overcast clouds", "icon": "04n"}], "clouds": {"all": 100}, "wind": {"speed": 1.76, "deg": 106, "gust": 2.53}, "visibility": 10000, "pop": 0.19, "sys": {"pod": "n"}, "dt_txt": "2024-02-25 18:00:00"}, {"dt": 1708887600, "main": {"temp": 10.27, "feels_like": 9.42, "temp_min": 10.27, "temp_max": 10.27, "pressure": 1014, "sea_level": 1014, "grnd_level": 955, "humidity": 79, "temp_kf": 0}, "weather": [{"id": 804, "main": "Clouds", "description": "overcast clouds", "icon": "04n"}], "clouds": {"all": 100}, "wind": {"speed": 1.68, "deg": 99, "gust": 2.21}, "visibility": 10000, "pop": 0.3, "sys": {"pod": "n"}, "dt_txt": "2024-02-25 19:00:00"}, {"dt": 1708891200, "main": {"temp": 9.99, "feels_like": 9.8, "temp_min": 9.99, "temp_max": 9.99, "pressure": 1014, "sea_level": 1014, "grnd_level": 955, "humidity": 81, "temp_kf": 0}, "weather": [{"id": 500, "main": "Rain", "description": "light rain", "icon": "10n"}], "clouds": {"all": 100}, "wind": {"speed": 1.35, "deg": 103, "gust": 1.6}, "visibility": 10000, "pop": 0.3, "rain": {"1h": 0.11}, "sys": {"pod": "n"}, "dt_txt": "2024-02-25 20:00:00"}, {"dt": 1708894800, "main": {"temp": 9.71, "feels_like": 9.45, "temp_min": 9.71, "temp_max": 9.71, "pressure": 1014, "sea_level": 1014, "grnd_level": 955, "humidity": 84, "temp_kf": 0}, "weather": [{"id": 500, "main": "Rain", "description": "light rain", "icon": "10n"}], "clouds": {"all": 100}, "wind": {"speed": 1.38, "deg": 77, "gust": 1.4}, "visibility": 10000, "pop": 0.31, "rain": {"1h": 0.22}, "sys": {"pod": "n"}, "dt_txt": "2024-02-25 21:00:00"}, {"dt": 1708898400, "main": {"temp": 9.53, "feels_like": 8.97, "temp_min": 9.53, "temp_max": 9.53, "pressure": 1013, "sea_level": 1013, "grnd_level": 955, "humidity": 85, "temp_kf": 0}, "weather": [{"id": 804, "main": "Clouds", "description": "overcast clouds", "icon": "04n"}], "clouds": {"all": 100}, "wind": {"speed": 1.64, "deg": 62, "gust": 1.78}, "visibility": 10000, "pop": 0.31, "sys": {"pod": "n"}, "dt_txt": "2024-02-25 22:00:00"}, {"dt": 1708902000, "main": {"temp": 8.7, "feels_like": 8.01, "temp_min": 8.7, "temp_max": 8.7, "pressure": 1013, "sea_level": 1013, "grnd_level": 955, "humidity": 88, "temp_kf": 0}, "weather": [{"id": 804, "main": "Clouds", "description": "overcast clouds", "icon": "04n"}], "clouds": {"all": 96}, "wind": {"speed": 1.65, "deg": 67, "gust": 1.67}, "visibility": 10000, "pop": 0.31, "sys": {"pod": "n"}, "dt_txt": "2024-02-25 23:00:00"}, {"dt": 1708905600, "main": {"temp": 8.34, "feels_like": 7.7, "temp_min": 8.34, "temp_max": 8.34, "pressure": 1014, "sea_level": 1014, "grnd_level": 955, "humidity": 88, "temp_kf": 0}, "weather": [{"id": 804, "main": "Clouds", "description": "overcast clouds", "icon": "04n"}], "clouds": {"all": 96}, "wind": {"speed": 1.55, "deg": 85, "gust": 1.47}, "visibility": 10000, "pop": 0.16, "sys": {"pod": "n"}, "dt_txt": "2024-02-26 00:00:00"}, {"dt": 1708909200, "main": {"temp": 8.69, "feels_like": 8.26, "temp_min": 8.69, "temp_max": 8.69, "pressure": 1013, "sea_level": 1013, "grnd_level": 954, "humidity": 85, "temp_kf": 0}, "weather": [{"id": 804, "main": "Clouds", "description": "overcast clouds", "icon": "04n"}], "clouds": {"all": 100}, "wind": {"speed": 1.41, "deg": 85, "gust": 1.38}, "visibility": 10000, "pop": 0, "sys": {"pod": "n"}, "dt_txt": "2024-02-26 01:00:00"}, {"dt": 1708912800, "main": {"temp": 8.19, "feels_like": 7.33, "temp_min": 8.19, "temp_max": 8.19, "pressure": 1013, "sea_level": 1013, "grnd_level": 954, "humidity": 86, "temp_kf": 0}, "weather": [{"id": 804, "main": "Clouds", "description": "overcast clouds", "icon": "04n"}], "clouds": {"all": 99}, "wind": {"speed": 1.74, "deg": 73, "gust": 1.66}, "visibility": 10000, "pop": 0, "sys": {"pod": "n"}, "dt_txt": "2024-02-26 02:00:00"}, {"dt": 1708916400, "main": {"temp": 7.52, "feels_like": 6.3, "temp_min": 7.52, "temp_max": 7.52, "pressure": 1013, "sea_level": 1013, "grnd_level": 954, "humidity": 87, "temp_kf": 0}, "weather": [{"id": 804, "main": "Clouds", "description": "overcast clouds", "icon": "04n"}], "clouds": {"all": 98}, "wind": {"speed": 2, "deg": 80, "gust": 1.82}, "visibility": 10000, "pop": 0, "sys": {"pod": "n"}, "dt_txt": "2024-02-26 03:00:00"}, {"dt": 1708920000, "main": {"temp": 7.21, "feels_like": 5.94, "temp_min": 7.21, "temp_max": 7.21, "pressure": 1013, "sea_level": 1013, "grnd_level": 954, "humidity": 86, "temp_kf": 0}, "weather": [{"id": 804, "main": "Clouds", "description": "overcast clouds", "icon": "04n"}], "clouds": {"all": 97}, "wind": {"speed": 2, "deg": 86, "gust": 1.81}, "visibility": 10000, "pop": 0, "sys": {"pod": "n"}, "dt_txt": "2024-02-26 04:00:00"}, {"dt": 1708923600, "main": {"temp": 6.98, "feels_like": 5.56, "temp_min": 6.98, "temp_max": 6.98, "pressure": 1014, "sea_level": 1014, "grnd_level": 954, "humidity": 85, "temp_kf": 0}, "weather": [{"id": 804, "main": "Clouds", "description": "overcast clouds", "icon": "04n"}], "clouds": {"all": 94}, "wind": {"speed": 2.12, "deg": 87, "gust": 1.88}, "visibility": 10000, "pop": 0, "sys": {"pod": "n"}, "dt_txt": "2024-02-26 05:00:00"}, {"dt": 1708927200, "main": {"temp": 7.47, "feels_like": 6.29, "temp_min": 7.47, "temp_max": 7.47, "pressure": 1014, "sea_level": 1014, "grnd_level": 955, "humidity": 82, "temp_kf": 0}, "weather": [{"id": 804, "main": "Clouds", "description": "overcast clouds", "icon": "04d"}], "clouds": {"all": 85}, "wind": {"speed": 1.95, "deg": 84, "gust": 1.7}, "visibility": 10000, "pop": 0, "sys": {"pod": "d"}, "dt_txt": "2024-02-26 06:00:00"}, {"dt": 1708930800, "main": {"temp": 9.78, "feels_like": 9.38, "temp_min": 9.78, "temp_max": 9.78, "pressure": 1014, "sea_level": 1014, "grnd_level": 955, "humidity": 73, "temp_kf": 0}, "weather": [{"id": 803, "main": "Clouds", "description": "broken clouds", "icon": "04d"}], "clouds": {"all": 73}, "wind": {"speed": 1.52, "deg": 80, "gust": 2.11}, "visibility": 10000, "pop": 0, "sys": {"pod": "d"}, "dt_txt": "2024-02-26 07:00:00"}, {"dt": 1708934400, "main": {"temp": 11.91, "feels_like": 10.8, "temp_min": 11.91, "temp_max": 11.91, "pressure": 1013, "sea_level": 1013, "grnd_level": 955, "humidity": 63, "temp_kf": 0}, "weather": [{"id": 804, "main": "Clouds", "description": "overcast clouds", "icon": "04d"}], "clouds": {"all": 86}, "wind": {"speed": 1.04, "deg": 72, "gust": 1.72}, "visibility": 10000, "pop": 0, "sys": {"pod": "d"}, "dt_txt": "2024-02-26 08:00:00"}, {"dt": 1708938000, "main": {"temp": 13.6, "feels_like": 12.48, "temp_min": 13.6, "temp_max": 13.6, "pressure": 1012, "sea_level": 1012, "grnd_level": 955, "humidity": 56, "temp_kf": 0}, "weather": [{"id": 804, "main": "Clouds", "description": "overcast clouds", "icon": "04d"}], "clouds": {"all": 90}, "wind": {"speed": 0.71, "deg": 86, "gust": 2.23}, "visibility": 10000, "pop": 0, "sys": {"pod": "d"}, "dt_txt": "2024-02-26 09:00:00"}, {"dt": 1708941600, "main": {"temp": 14.93, "feels_like": 13.81, "temp_min": 14.93, "temp_max": 14.93, "pressure": 1012, "sea_level": 1012, "grnd_level": 955, "humidity": 51, "temp_kf": 0}, "weather": [{"id": 804, "main": "Clouds", "description": "overcast clouds", "icon": "04d"}], "clouds": {"all": 86}, "wind": {"speed": 0.95, "deg": 207, "gust": 2.91}, "visibility": 10000, "pop": 0, "sys": {"pod": "d"}, "dt_txt": "2024-02-26 10:00:00"}, {"dt": 1708945200, "main": {"temp": 15.55, "feels_like": 14.39, "temp_min": 15.55, "temp_max": 15.55, "pressure": 1012, "sea_level": 1012, "grnd_level": 954, "humidity": 47, "temp_kf": 0}, "weather": [{"id": 803, "main": "Clouds", "description": "broken clouds", "icon": "04d"}], "clouds": {"all": 82}, "wind": {"speed": 1.77, "deg": 229, "gust": 3.41}, "visibility": 10000, "pop": 0, "sys": {"pod": "d"}, "dt_txt": "2024-02-26 11:00:00"}, {"dt": 1708948800, "main": {"temp": 15.98, "feels_like": 14.78, "temp_min": 15.98, "temp_max": 15.98, "pressure": 1011, "sea_level": 1011, "grnd_level": 954, "humidity": 44, "temp_kf": 0}, "weather": [{"id": 803, "main": "Clouds", "description": "broken clouds", "icon": "04d"}], "clouds": {"all": 81}, "wind": {"speed": 1.67, "deg": 223, "gust": 3}, "visibility": 10000, "pop": 0, "sys": {"pod": "d"}, "dt_txt": "2024-02-26 12:00:00"}, {"dt": 1708952400, "main": {"temp": 16.2, "feels_like": 14.97, "temp_min": 16.2, "temp_max": 16.2, "pressure": 1011, "sea_level": 1011, "grnd_level": 954, "humidity": 42, "temp_kf": 0}, "weather": [{"id": 802, "main": "Clouds", "description": "scattered clouds", "icon": "03d"}], "clouds": {"all": 33}, "wind": {"speed": 1.7, "deg": 216, "gust": 2.95}, "visibility": 10000, "pop": 0, "sys": {"pod": "d"}, "dt_txt": "2024-02-26 13:00:00"}, {"dt": 1708956000, "main": {"temp": 16.02, "feels_like": 14.75, "temp_min": 16.02, "temp_max": 16.02, "pressure": 1012, "sea_level": 1012, "grnd_level": 954, "humidity": 41, "temp_kf": 0}, "weather": [{"id": 802, "main": "Clouds", "description": "scattered clouds", "icon": "03d"}], "clouds": {"all": 39}, "wind": {"speed": 1.63, "deg": 216, "gust": 2.81}, "visibility": 10000, "pop": 0, "sys": {"pod": "d"}, "dt_txt": "2024-02-26 14:00:00"}, {"dt": 1708959600, "main": {"temp": 14.67, "feels_like": 13.47, "temp_min": 14.67, "temp_max": 14.67, "pressure": 1012, "sea_level": 1012, "grnd_level": 954, "humidity": 49, "temp_kf": 0}, "weather": [{"id": 802, "main": "Clouds", "description": "scattered clouds", "icon": "03d"}], "clouds": {"all": 34}, "wind": {"speed": 1.11, "deg": 243, "gust": 1.49}, "visibility": 10000, "pop": 0, "sys": {"pod": "d"}, "dt_txt": "2024-02-26 15:00:00"}, {"dt": 1708963200, "main": {"temp": 12.14, "feels_like": 10.85, "temp_min": 12.14, "temp_max": 12.14, "pressure": 1013, "sea_level": 1013, "grnd_level": 955, "humidity": 55, "temp_kf": 0}, "weather": [{"id": 802, "main": "Clouds", "description": "scattered clouds", "icon": "03d"}], "clouds": {"all": 50}, "wind": {"speed": 0.27, "deg": 211, "gust": 0.71}, "visibility": 10000, "pop": 0, "sys": {"pod": "d"}, "dt_txt": "2024-02-26 16:00:00"}, {"dt": 1708966800, "main": {"temp": 11.27, "feels_like": 9.99, "temp_min": 11.27, "temp_max": 11.27, "pressure": 1013, "sea_level": 1013, "grnd_level": 955, "humidity": 59, "temp_kf": 0}, "weather": [{"id": 803, "main": "Clouds", "description": "broken clouds", "icon": "04n"}], "clouds": {"all": 60}, "wind": {"speed": 1.06, "deg": 81, "gust": 0.96}, "visibility": 10000, "pop": 0, "sys": {"pod": "n"}, "dt_txt": "2024-02-26 17:00:00"}, {"dt": 1708970400, "main": {"temp": 10.65, "feels_like": 9.39, "temp_min": 10.65, "temp_max": 10.65, "pressure": 1014, "sea_level": 1014, "grnd_level": 956, "humidity": 62, "temp_kf": 0}, "weather": [{"id": 803, "main": "Clouds", "description": "broken clouds", "icon": "04n"}], "clouds": {"all": 67}, "wind": {"speed": 1.72, "deg": 81, "gust": 1.57}, "visibility": 10000, "pop": 0, "sys": {"pod": "n"}, "dt_txt": "2024-02-26 18:00:00"}, {"dt": 1708974000, "main": {"temp": 10.07, "feels_like": 8.8, "temp_min": 10.07, "temp_max": 10.07, "pressure": 1015, "sea_level": 1015, "grnd_level": 956, "humidity": 64, "temp_kf": 0}, "weather": [{"id": 802, "main": "Clouds", "description": "scattered clouds", "icon": "03n"}], "clouds": {"all": 25}, "wind": {"speed": 2.12, "deg": 86, "gust": 1.91}, "visibility": 10000, "pop": 0, "sys": {"pod": "n"}, "dt_txt": "2024-02-26 19:00:00"}, {"dt": 1708977600, "main": {"temp": 9.54, "feels_like": 8.58, "temp_min": 9.54, "temp_max": 9.54, "pressure": 1016, "sea_level": 1016, "grnd_level": 957, "humidity": 64, "temp_kf": 0}, "weather": [{"id": 801, "main": "Clouds", "description": "few clouds", "icon": "02n"}], "clouds": {"all": 21}, "wind": {"speed": 2.09, "deg": 91, "gust": 1.88}, "visibility": 10000, "pop": 0, "sys": {"pod": "n"}, "dt_txt": "2024-02-26 20:00:00"}, {"dt": 1708981200, "main": {"temp": 9.01, "feels_like": 8.05, "temp_min": 9.01, "temp_max": 9.01, "pressure": 1016, "sea_level": 1016, "grnd_level": 957, "humidity": 63, "temp_kf": 0}, "weather": [{"id": 801, "main": "Clouds", "description": "few clouds", "icon": "02n"}], "clouds": {"all": 19}, "wind": {"speed": 1.99, "deg": 94, "gust": 1.78}, "visibility": 10000, "pop": 0, "sys": {"pod": "n"}, "dt_txt": "2024-02-26 21:00:00"}, {"dt": 1708984800, "main": {"temp": 8.58, "feels_like": 7.54, "temp_min": 8.58, "temp_max": 8.58, "pressure": 1016, "sea_level": 1016, "grnd_level": 957, "humidity": 64, "temp_kf": 0}, "weather": [{"id": 801, "main": "Clouds", "description": "few clouds", "icon": "02n"}], "clouds": {"all": 19}, "wind": {"speed": 2, "deg": 87, "gust": 1.69}, "visibility": 10000, "pop": 0, "sys": {"pod": "n"}, "dt_txt": "2024-02-26 22:00:00"}, {"dt": 1708988400, "main": {"temp": 8.16, "feels_like": 7.09, "temp_min": 8.16, "temp_max": 8.16, "pressure": 1017, "sea_level": 1017, "grnd_level": 958, "humidity": 64, "temp_kf": 0}, "weather": [{"id": 801, "main": "Clouds", "description": "few clouds", "icon": "02n"}], "clouds": {"all": 18}, "wind": {"speed": 1.95, "deg": 80, "gust": 1.68}, "visibility": 10000, "pop": 0, "sys": {"pod": "n"}, "dt_txt": "2024-02-26 23:00:00"}, {"dt": 1708992000, "main": {"temp": 7.79, "feels_like": 6.64, "temp_min": 7.79, "temp_max": 7.79, "pressure": 1017, "sea_level": 1017, "grnd_level": 958, "humidity": 65, "temp_kf": 0}, "weather": [{"id": 801, "main": "Clouds", "description": "few clouds", "icon": "02n"}], "clouds": {"all": 17}, "wind": {"speed": 1.98, "deg": 80, "gust": 1.76}, "visibility": 10000, "pop": 0, "sys": {"pod": "n"}, "dt_txt": "2024-02-27 00:00:00"}, {"dt": 1708995600, "main": {"temp": 7.43, "feels_like": 6.24, "temp_min": 7.43, "temp_max": 7.43, "pressure": 1017, "sea_level": 1017, "grnd_level": 958, "humidity": 65, "temp_kf": 0}, "weather": [{"id": 801, "main": "Clouds", "description": "few clouds", "icon": "02n"}], "clouds": {"all": 17}, "wind": {"speed": 1.96, "deg": 83, "gust": 1.74}, "visibility": 10000, "pop": 0, "sys": {"pod": "n"}, "dt_txt": "2024-02-27 01:00:00"}, {"dt": 1708999200, "main": {"temp": 7.09, "feels_like": 5.79, "temp_min": 7.09, "temp_max": 7.09, "pressure": 1017, "sea_level": 1017, "grnd_level": 958, "humidity": 65, "temp_kf": 0}, "weather": [{"id": 801, "main": "Clouds", "description": "few clouds", "icon": "02n"}], "clouds": {"all": 19}, "wind": {"speed": 2.01, "deg": 88, "gust": 1.74}, "visibility": 10000, "pop": 0, "sys": {"pod": "n"}, "dt_txt": "2024-02-27 02:00:00"}, {"dt": 1709002800, "main": {"temp": 6.85, "feels_like": 5.52, "temp_min": 6.85, "temp_max": 6.85, "pressure": 1018, "sea_level": 1018, "grnd_level": 958, "humidity": 65, "temp_kf": 0}, "weather": [{"id": 802, "main": "Clouds", "description": "scattered clouds", "icon": "03n"}], "clouds": {"all": 28}, "wind": {"speed": 2, "deg": 88, "gust": 1.74}, "visibility": 10000, "pop": 0, "sys": {"pod": "n"}, "dt_txt": "2024-02-27 03:00:00"}, {"dt": 1709006400, "main": {"temp": 6.56, "feels_like": 5.32, "temp_min": 6.56, "temp_max": 6.56, "pressure": 1018, "sea_level": 1018, "grnd_level": 958, "humidity": 65, "temp_kf": 0}, "weather": [{"id": 802, "main": "Clouds", "description": "scattered clouds", "icon": "03n"}], "clouds": {"all": 34}, "wind": {"speed": 1.86, "deg": 85, "gust": 1.64}, "visibility": 10000, "pop": 0, "sys": {"pod": "n"}, "dt_txt": "2024-02-27 04:00:00"}, {"dt": 1709010000, "main": {"temp": 6.19, "feels_like": 5.07, "temp_min": 6.19, "temp_max": 6.19, "pressure": 1018, "sea_level": 1018, "grnd_level": 959, "humidity": 65, "temp_kf": 0}, "weather": [{"id": 802, "main": "Clouds", "description": "scattered clouds", "icon": "03n"}], "clouds": {"all": 30}, "wind": {"speed": 1.7, "deg": 88, "gust": 1.55}, "visibility": 10000, "pop": 0, "sys": {"pod": "n"}, "dt_txt": "2024-02-27 05:00:00"}, {"dt": 1709013600, "main": {"temp": 6.9, "feels_like": 5.89, "temp_min": 6.9, "temp_max": 6.9, "pressure": 1019, "sea_level": 1019, "grnd_level": 960, "humidity": 62, "temp_kf": 0}, "weather": [{"id": 802, "main": "Clouds", "description": "scattered clouds", "icon": "03d"}], "clouds": {"all": 27}, "wind": {"speed": 1.7, "deg": 88, "gust": 1.49}, "visibility": 10000, "pop": 0, "sys": {"pod": "d"}, "dt_txt": "2024-02-27 06:00:00"}, {"dt": 1709017200, "main": {"temp": 9.42, "feels_like": 9.42, "temp_min": 9.42, "temp_max": 9.42, "pressure": 1019, "sea_level": 1019, "grnd_level": 960, "humidity": 54, "temp_kf": 0}, "weather": [{"id": 800, "main": "Clear", "description": "clear sky", "icon": "01d"}], "clouds": {"all": 10}, "wind": {"speed": 1.12, "deg": 83, "gust": 1.5}, "visibility": 10000, "pop": 0, "sys": {"pod": "d"}, "dt_txt": "2024-02-27 07:00:00"}, {"dt": 1709020800, "main": {"temp": 11.71, "feels_like": 10.11, "temp_min": 11.71, "temp_max": 11.71, "pressure": 1018, "sea_level": 1018, "grnd_level": 960, "humidity": 45, "temp_kf": 0}, "weather": [{"id": 800, "main": "Clear", "description": "clear sky", "icon": "01d"}], "clouds": {"all": 9}, "wind": {"speed": 0.52, "deg": 65, "gust": 1.08}, "visibility": 10000, "pop": 0, "sys": {"pod": "d"}, "dt_txt": "2024-02-27 08:00:00"}, {"dt": 1709024400, "main": {"temp": 13.46, "feels_like": 11.91, "temp_min": 13.46, "temp_max": 13.46, "pressure": 1018, "sea_level": 1018, "grnd_level": 960, "humidity": 40, "temp_kf": 0}, "weather": [{"id": 800, "main": "Clear", "description": "clear sky", "icon": "01d"}], "clouds": {"all": 9}, "wind": {"speed": 0.51, "deg": 241, "gust": 1.13}, "visibility": 10000, "pop": 0, "sys": {"pod": "d"}, "dt_txt": "2024-02-27 09:00:00"}, {"dt": 1709028000, "main": {"temp": 14.37, "feels_like": 12.85, "temp_min": 14.37, "temp_max": 14.37, "pressure": 1018, "sea_level": 1018, "grnd_level": 960, "humidity": 38, "temp_kf": 0}, "weather": [{"id": 800, "main": "Clear", "description": "clear sky", "icon": "01d"}], "clouds": {"all": 9}, "wind": {"speed": 1.78, "deg": 246, "gust": 2.21}, "visibility": 10000, "pop": 0, "sys": {"pod": "d"}, "dt_txt": "2024-02-27 10:00:00"}, {"dt": 1709031600, "main": {"temp": 14.86, "feels_like": 13.37, "temp_min": 14.86, "temp_max": 14.86, "pressure": 1017, "sea_level": 1017, "grnd_level": 959, "humidity": 37, "temp_kf": 0}, "weather": [{"id": 800, "main": "Clear", "description": "clear sky", "icon": "01d"}], "clouds": {"all": 9}, "wind": {"speed": 2.06, "deg": 247, "gust": 2.79}, "visibility": 10000, "pop": 0, "sys": {"pod": "d"}, "dt_txt": "2024-02-27 11:00:00"}, {"dt": 1709035200, "main": {"temp": 15.3, "feels_like": 13.83, "temp_min": 15.3, "temp_max": 15.3, "pressure": 1017, "sea_level": 1017, "grnd_level": 959, "humidity": 36, "temp_kf": 0}, "weather": [{"id": 801, "main": "Clouds", "description": "few clouds", "icon": "02d"}], "clouds": {"all": 11}, "wind": {"speed": 1.87, "deg": 241, "gust": 3.04}, "visibility": 10000, "pop": 0, "sys": {"pod": "d"}, "dt_txt": "2024-02-27 12:00:00"}, {"dt": 1709038800, "main": {"temp": 15.61, "feels_like": 14.09, "temp_min": 15.61, "temp_max": 15.61, "pressure": 1017, "sea_level": 1017, "grnd_level": 959, "humidity": 33, "temp_kf": 0}, "weather": [{"id": 801, "main": "Clouds", "description": "few clouds", "icon": "02d"}], "clouds": {"all": 21}, "wind": {"speed": 1.8, "deg": 232, "gust": 3.3}, "visibility": 10000, "pop": 0, "sys": {"pod": "d"}, "dt_txt": "2024-02-27 13:00:00"}, {"dt": 1709042400, "main": {"temp": 15.47, "feels_like": 13.91, "temp_min": 15.47, "temp_max": 15.47, "pressure": 1017, "sea_level": 1017, "grnd_level": 959, "humidity": 32, "temp_kf": 0}, "weather": [{"id": 802, "main": "Clouds", "description": "scattered clouds", "icon": "03d"}], "clouds": {"all": 32}, "wind": {"speed": 1.72, "deg": 226, "gust": 2.76}, "visibility": 10000, "pop": 0, "sys": {"pod": "d"}, "dt_txt": "2024-02-27 14:00:00"}], "city": {"id": 675168, "name": "Josenii B\u00e2rg\u0103ului", "coord": {"lat": 47.2229, "lon": 24.7244}, "country": "RO", "population": 5006, "timezone": 7200, "sunrise": 1708665234, "sunset": 1708703734}}