air_temp,wind_direction_100m,wind_direction_10m,wind_speed_100m,wind_speed_10m,period_end,period
4,299,295,9.5,6.8,2024-11-21T10:30:00Z,PT15M
4,299,295,9.2,6.5,2024-11-21T10:45:00Z,PT15M
3,299,295,8.9,6.3,2024-11-21T11:00:00Z,PT15M
3,302,297,8.7,6.2,2024-11-21T11:15:00Z,PT15M
3,306,301,8.7,6.1,2024-11-21T11:30:00Z,PT15M
3,310,306,8.8,6.1,2024-11-21T11:45:00Z,PT15M
3,314,310,8.9,6.2,2024-11-21T12:00:00Z,PT15M
3,316,313,8.8,6.2,2024-11-21T12:15:00Z,PT15M
3,317,314,8.6,6.1,2024-11-21T12:30:00Z,PT15M
3,317,314,8.3,6,2024-11-21T12:45:00Z,PT15M
3,317,315,8,5.9,2024-11-21T13:00:00Z,PT15M
3,316,314,7.8,5.8,2024-11-21T13:15:00Z,PT15M
3,313,311,7.8,5.7,2024-11-21T13:30:00Z,PT15M
3,309,308,7.8,5.6,2024-11-21T13:45:00Z,PT15M
3,306,305,7.8,5.5,2024-11-21T14:00:00Z,PT15M
3,303,302,7.7,5.4,2024-11-21T14:15:00Z,PT15M
3,301,300,7.5,5.2,2024-11-21T14:30:00Z,PT15M
3,299,298,7.3,5,2024-11-21T14:45:00Z,PT15M
3,297,296,7.1,4.8,2024-11-21T15:00:00Z,PT15M
3,295,294,6.8,4.4,2024-11-21T15:15:00Z,PT15M
3,294,292,6.4,3.8,2024-11-21T15:30:00Z,PT15M
3,292,290,5.9,3.2,2024-11-21T15:45:00Z,PT15M
3,290,286,5.5,2.6,2024-11-21T16:00:00Z,PT15M
3,289,282,5.3,2.3,2024-11-21T16:15:00Z,PT15M
3,289,281,5.2,2.2,2024-11-21T16:30:00Z,PT15M
3,289,280,5.2,2.2,2024-11-21T16:45:00Z,PT15M
3,289,278,5.1,2.2,2024-11-21T17:00:00Z,PT15M
3,288,275,5,2.2,2024-11-21T17:15:00Z,PT15M
3,285,268,4.8,2.2,2024-11-21T17:30:00Z,PT15M
3,282,261,4.6,2.2,2024-11-21T17:45:00Z,PT15M
3,278,255,4.5,2.2,2024-11-21T18:00:00Z,PT15M
3,272,247,4.3,2.2,2024-11-21T18:15:00Z,PT15M
3,263,239,4.1,2.3,2024-11-21T18:30:00Z,PT15M
3,254,232,4,2.4,2024-11-21T18:45:00Z,PT15M
3,244,225,4,2.5,2024-11-21T19:00:00Z,PT15M
3,236,220,4.1,2.6,2024-11-21T19:15:00Z,PT15M
3,231,217,4.2,2.6,2024-11-21T19:30:00Z,PT15M
3,225,213,4.3,2.6,2024-11-21T19:45:00Z,PT15M
3,220,210,4.5,2.7,2024-11-21T20:00:00Z,PT15M
3,219,210,4.7,2.8,2024-11-21T20:15:00Z,PT15M
3,222,212,4.9,2.8,2024-11-21T20:30:00Z,PT15M
3,225,215,5.1,2.9,2024-11-21T20:45:00Z,PT15M
2,228,217,5.3,3,2024-11-21T21:00:00Z,PT15M
2,230,220,5.6,3.1,2024-11-21T21:15:00Z,PT15M
2,232,223,5.9,3.1,2024-11-21T21:30:00Z,PT15M
2,234,227,6.1,3.2,2024-11-21T21:45:00Z,PT15M
2,236,230,6.4,3.3,2024-11-21T22:00:00Z,PT15M
2,240,236,6.7,3.3,2024-11-21T22:15:00Z,PT15M
2,246,245,7,3.3,2024-11-21T22:30:00Z,PT15M
2,252,253,7.3,3.4,2024-11-21T22:45:00Z,PT15M
2,257,262,7.7,3.6,2024-11-21T23:00:00Z,PT15M
2,257,261,7.6,3.5,2024-11-21T23:15:00Z,PT15M
2,252,250,6.9,3,2024-11-21T23:30:00Z,PT15M
2,246,237,6.2,2.7,2024-11-21T23:45:00Z,PT15M
2,239,221,5.6,2.6,2024-11-22,PT15M
2,228,207,5.3,2.7,2024-11-22T00:15:00Z,PT15M
2,214,198,5.4,2.9,2024-11-22T00:30:00Z,PT15M
2,202,190,5.8,3.1,2024-11-22T00:45:00Z,PT15M
2,191,183,6.4,3.4,2024-11-22T01:00:00Z,PT15M
2,187,181,6.8,3.6,2024-11-22T01:15:00Z,PT15M
2,188,184,7,3.5,2024-11-22T01:30:00Z,PT15M
2,188,186,7.2,3.4,2024-11-22T01:45:00Z,PT15M
2,189,189,7.4,3.4,2024-11-22T02:00:00Z,PT15M
2,189,190,7.5,3.3,2024-11-22T02:15:00Z,PT15M
2,189,190,7.5,3.3,2024-11-22T02:30:00Z,PT15M
2,190,190,7.6,3.3,2024-11-22T02:45:00Z,PT15M
2,190,191,7.6,3.3,2024-11-22T03:00:00Z,PT15M
2,189,189,7.7,3.3,2024-11-22T03:15:00Z,PT15M
2,187,187,7.9,3.4,2024-11-22T03:30:00Z,PT15M
2,185,185,8.2,3.5,2024-11-22T03:45:00Z,PT15M
2,184,183,8.4,3.6,2024-11-22T04:00:00Z,PT15M
2,181,180,8.6,3.7,2024-11-22T04:15:00Z,PT15M
3,179,177,8.7,3.8,2024-11-22T04:30:00Z,PT15M
3,176,174,8.8,3.9,2024-11-22T04:45:00Z,PT15M
3,174,171,9,4,2024-11-22T05:00:00Z,PT15M
3,172,170,9.2,4.3,2024-11-22T05:15:00Z,PT15M
4,172,171,9.5,4.7,2024-11-22T05:30:00Z,PT15M
4,171,171,9.8,5.1,2024-11-22T05:45:00Z,PT15M
5,171,171,10.1,5.6,2024-11-22T06:00:00Z,PT15M
5,170,170,10.5,6,2024-11-22T06:15:00Z,PT15M
6,169,169,11,6.6,2024-11-22T06:30:00Z,PT15M
6,169,168,11.5,7.2,2024-11-22T06:45:00Z,PT15M
7,168,167,12,7.7,2024-11-22T07:00:00Z,PT15M
7,168,167,12.6,8.3,2024-11-22T07:15:00Z,PT15M
8,168,167,13.2,8.8,2024-11-22T07:30:00Z,PT15M
8,168,167,13.9,9.3,2024-11-22T07:45:00Z,PT15M
9,168,167,14.5,9.8,2024-11-22T08:00:00Z,PT15M
9,167,167,15,10.2,2024-11-22T08:15:00Z,PT15M
10,167,166,15.3,10.5,2024-11-22T08:30:00Z,PT15M
10,167,166,15.6,10.7,2024-11-22T08:45:00Z,PT15M
10,167,166,15.9,11,2024-11-22T09:00:00Z,PT15M
10,167,166,16.1,11.2,2024-11-22T09:15:00Z,PT15M
10,168,167,16.3,11.4,2024-11-22T09:30:00Z,PT15M
11,169,167,16.4,11.5,2024-11-22T09:45:00Z,PT15M
11,169,168,16.6,11.7,2024-11-22T10:00:00Z,PT15M
11,170,168,16.7,11.8,2024-11-22T10:15:00Z,PT15M
11,171,169,16.7,11.8,2024-11-22T10:30:00Z,PT15M
11,171,170,16.7,11.8,2024-11-22T10:45:00Z,PT15M
11,172,170,16.7,11.9,2024-11-22T11:00:00Z,PT15M
12,172,171,16.7,11.8,2024-11-22T11:15:00Z,PT15M
12,173,171,16.6,11.7,2024-11-22T11:30:00Z,PT15M
12,174,172,16.4,11.6,2024-11-22T11:45:00Z,PT15M
12,174,173,16.3,11.4,2024-11-22T12:00:00Z,PT15M
12,176,174,16.1,11.3,2024-11-22T12:15:00Z,PT15M
12,177,175,15.8,11,2024-11-22T12:30:00Z,PT15M
12,179,177,15.5,10.8,2024-11-22T12:45:00Z,PT15M
12,181,179,15.2,10.5,2024-11-22T13:00:00Z,PT15M
12,182,180,14.9,10.3,2024-11-22T13:15:00Z,PT15M
11,183,181,14.7,10.1,2024-11-22T13:30:00Z,PT15M
11,184,183,14.5,9.9,2024-11-22T13:45:00Z,PT15M
11,185,184,14.3,9.7,2024-11-22T14:00:00Z,PT15M
11,185,184,14,9.5,2024-11-22T14:15:00Z,PT15M
11,186,185,13.6,9.1,2024-11-22T14:30:00Z,PT15M
11,186,185,13.3,8.8,2024-11-22T14:45:00Z,PT15M
11,187,185,13,8.5,2024-11-22T15:00:00Z,PT15M
11,188,186,12.8,8.3,2024-11-22T15:15:00Z,PT15M
11,189,187,12.7,8.2,2024-11-22T15:30:00Z,PT15M
11,190,187,12.6,8.1,2024-11-22T15:45:00Z,PT15M
11,191,188,12.5,8,2024-11-22T16:00:00Z,PT15M
12,192,190,12.5,8,2024-11-22T16:15:00Z,PT15M
12,194,192,12.5,8,2024-11-22T16:30:00Z,PT15M
12,196,194,12.6,8.1,2024-11-22T16:45:00Z,PT15M
12,198,195,12.7,8.1,2024-11-22T17:00:00Z,PT15M
12,199,197,13,8.3,2024-11-22T17:15:00Z,PT15M
12,200,198,13.5,8.6,2024-11-22T17:30:00Z,PT15M
12,201,199,14,8.9,2024-11-22T17:45:00Z,PT15M
12,202,200,14.5,9.2,2024-11-22T18:00:00Z,PT15M
12,204,202,14.9,9.5,2024-11-22T18:15:00Z,PT15M
13,206,204,15.3,9.8,2024-11-22T18:30:00Z,PT15M
13,208,207,15.6,10,2024-11-22T18:45:00Z,PT15M
13,210,209,16,10.3,2024-11-22T19:00:00Z,PT15M
14,211,210,16.2,10.5,2024-11-22T19:15:00Z,PT15M
14,211,210,16.2,10.5,2024-11-22T19:30:00Z,PT15M
14,211,210,16.2,10.5,2024-11-22T19:45:00Z,PT15M
14,211,210,16.2,10.4,2024-11-22T20:00:00Z,PT15M
14,212,212,16,10.4,2024-11-22T20:15:00Z,PT15M
14,215,214,15.8,10.2,2024-11-22T20:30:00Z,PT15M
14,217,217,15.6,10.1,2024-11-22T20:45:00Z,PT15M
14,219,219,15.5,10,2024-11-22T21:00:00Z,PT15M
14,222,221,15.4,10,2024-11-22T21:15:00Z,PT15M
14,224,223,15.4,10,2024-11-22T21:30:00Z,PT15M
14,226,225,15.4,10.1,2024-11-22T21:45:00Z,PT15M
14,228,226,15.5,10.1,2024-11-22T22:00:00Z,PT15M
14,234,232,14.8,9.6,2024-11-22T22:15:00Z,PT15M
13,244,243,13.5,8.9,2024-11-22T22:30:00Z,PT15M
12,256,256,12.8,8.5,2024-11-22T22:45:00Z,PT15M
12,269,269,12.8,8.6,2024-11-22T23:00:00Z,PT15M
11,275,275,13.3,9.1,2024-11-22T23:15:00Z,PT15M
10,274,273,13.9,9.5,2024-11-22T23:30:00Z,PT15M
10,272,272,14.5,9.9,2024-11-22T23:45:00Z,PT15M
9,271,270,15.1,10.4,2024-11-23,PT15M
8,271,270,15.4,10.6,2024-11-23T00:15:00Z,PT15M
8,271,270,15.3,10.6,2024-11-23T00:30:00Z,PT15M
7,271,270,15.3,10.5,2024-11-23T00:45:00Z,PT15M
6,272,271,15.2,10.5,2024-11-23T01:00:00Z,PT15M
6,274,273,14.9,10.3,2024-11-23T01:15:00Z,PT15M
6,279,278,14.4,10,2024-11-23T01:30:00Z,PT15M
6,283,283,14,9.7,2024-11-23T01:45:00Z,PT15M
6,289,288,13.6,9.6,2024-11-23T02:00:00Z,PT15M
6,293,292,13.1,9.2,2024-11-23T02:15:00Z,PT15M
6,297,295,12.3,8.7,2024-11-23T02:30:00Z,PT15M
5,301,298,11.5,8.2,2024-11-23T02:45:00Z,PT15M
5,306,302,10.9,7.7,2024-11-23T03:00:00Z,PT15M
5,309,305,10.3,7.4,2024-11-23T03:15:00Z,PT15M
5,311,308,9.9,7.1,2024-11-23T03:30:00Z,PT15M
5,313,311,9.5,6.8,2024-11-23T03:45:00Z,PT15M
5,316,313,9.2,6.6,2024-11-23T04:00:00Z,PT15M
5,319,316,9,6.5,2024-11-23T04:15:00Z,PT15M
4,322,319,9,6.4,2024-11-23T04:30:00Z,PT15M
4,325,322,9,6.4,2024-11-23T04:45:00Z,PT15M
4,328,325,9,6.4,2024-11-23T05:00:00Z,PT15M
4,330,327,9,6.3,2024-11-23T05:15:00Z,PT15M
4,332,328,8.9,6.1,2024-11-23T05:30:00Z,PT15M
4,334,329,8.8,6,2024-11-23T05:45:00Z,PT15M
4,336,331,8.6,5.9,2024-11-23T06:00:00Z,PT15M
4,336,331,8.6,5.9,2024-11-23T06:15:00Z,PT15M
4,336,332,8.5,5.9,2024-11-23T06:30:00Z,PT15M
4,335,332,8.4,6,2024-11-23T06:45:00Z,PT15M
4,335,332,8.4,6,2024-11-23T07:00:00Z,PT15M
4,335,333,8.5,6.2,2024-11-23T07:15:00Z,PT15M
4,336,335,9,6.6,2024-11-23T07:30:00Z,PT15M
4,337,337,9.4,6.9,2024-11-23T07:45:00Z,PT15M
4,339,338,9.8,7.2,2024-11-23T08:00:00Z,PT15M
4,339,339,10.2,7.5,2024-11-23T08:15:00Z,PT15M
4,339,339,10.5,7.8,2024-11-23T08:30:00Z,PT15M
4,339,338,10.9,8,2024-11-23T08:45:00Z,PT15M
4,339,338,11.2,8.3,2024-11-23T09:00:00Z,PT15M
4,339,339,11.3,8.4,2024-11-23T09:15:00Z,PT15M
4,340,339,11.3,8.4,2024-11-23T09:30:00Z,PT15M
4,340,339,11.3,8.4,2024-11-23T09:45:00Z,PT15M
5,340,340,11.4,8.4,2024-11-23T10:00:00Z,PT15M
5,341,340,11.4,8.5,2024-11-23T10:15:00Z,PT15M
5,341,341,11.6,8.5,2024-11-23T10:30:00Z,PT15M
5,342,341,11.8,8.6,2024-11-23T10:45:00Z,PT15M
4,342,342,12,8.7,2024-11-23T11:00:00Z,PT15M
4,342,341,12,8.7,2024-11-23T11:15:00Z,PT15M
5,340,339,12,8.7,2024-11-23T11:30:00Z,PT15M
5,338,337,12,8.7,2024-11-23T11:45:00Z,PT15M
5,336,336,12,8.6,2024-11-23T12:00:00Z,PT15M
5,335,334,11.9,8.5,2024-11-23T12:15:00Z,PT15M
5,333,332,11.7,8.3,2024-11-23T12:30:00Z,PT15M
5,332,330,11.5,8.1,2024-11-23T12:45:00Z,PT15M
4,330,328,11.3,7.9,2024-11-23T13:00:00Z,PT15M
4,329,327,11.4,8,2024-11-23T13:15:00Z,PT15M
4,329,327,11.8,8.2,2024-11-23T13:30:00Z,PT15M
4,329,327,12.2,8.5,2024-11-23T13:45:00Z,PT15M
4,329,327,12.5,8.8,2024-11-23T14:00:00Z,PT15M
4,329,327,12.7,8.9,2024-11-23T14:15:00Z,PT15M
4,329,328,12.7,8.8,2024-11-23T14:30:00Z,PT15M
4,330,328,12.7,8.8,2024-11-23T14:45:00Z,PT15M
4,330,328,12.6,8.7,2024-11-23T15:00:00Z,PT15M
3,331,329,12.6,8.6,2024-11-23T15:15:00Z,PT15M
3,331,330,12.5,8.5,2024-11-23T15:30:00Z,PT15M
3,332,330,12.4,8.4,2024-11-23T15:45:00Z,PT15M
3,333,331,12.4,8.3,2024-11-23T16:00:00Z,PT15M
3,334,332,12.3,8.2,2024-11-23T16:15:00Z,PT15M
3,335,333,12.3,8.3,2024-11-23T16:30:00Z,PT15M
3,336,334,12.4,8.3,2024-11-23T16:45:00Z,PT15M
3,338,335,12.4,8.3,2024-11-23T17:00:00Z,PT15M
3,339,336,12.3,8.3,2024-11-23T17:15:00Z,PT15M
3,340,337,12.2,8.1,2024-11-23T17:30:00Z,PT15M
3,340,338,12.1,8,2024-11-23T17:45:00Z,PT15M
2,341,339,11.9,7.9,2024-11-23T18:00:00Z,PT15M
2,341,339,11.9,7.8,2024-11-23T18:15:00Z,PT15M
2,340,338,12,7.9,2024-11-23T18:30:00Z,PT15M
2,340,337,12,7.9,2024-11-23T18:45:00Z,PT15M
2,339,336,12,7.9,2024-11-23T19:00:00Z,PT15M
2,337,335,11.9,7.8,2024-11-23T19:15:00Z,PT15M
2,336,333,11.6,7.6,2024-11-23T19:30:00Z,PT15M
2,335,332,11.4,7.4,2024-11-23T19:45:00Z,PT15M
2,333,330,11.1,7.2,2024-11-23T20:00:00Z,PT15M
2,332,329,11,7.1,2024-11-23T20:15:00Z,PT15M
2,331,327,11,7.1,2024-11-23T20:30:00Z,PT15M
2,330,326,11,7.1,2024-11-23T20:45:00Z,PT15M
2,329,325,11,7.1,2024-11-23T21:00:00Z,PT15M
2,329,324,11,7.1,2024-11-23T21:15:00Z,PT15M
2,329,325,10.9,7.1,2024-11-23T21:30:00Z,PT15M
2,329,325,10.9,7.1,2024-11-23T21:45:00Z,PT15M
1,329,325,10.8,7.1,2024-11-23T22:00:00Z,PT15M
1,330,326,10.6,6.9,2024-11-23T22:15:00Z,PT15M
1,331,327,10.3,6.6,2024-11-23T22:30:00Z,PT15M
1,332,327,10,6.4,2024-11-23T22:45:00Z,PT15M
1,333,328,9.6,6.1,2024-11-23T23:00:00Z,PT15M
1,333,328,9.3,5.9,2024-11-23T23:15:00Z,PT15M
1,332,326,9.1,5.7,2024-11-23T23:30:00Z,PT15M
1,330,324,8.8,5.5,2024-11-23T23:45:00Z,PT15M
1,328,322,8.5,5.3,2024-11-24,PT15M
1,327,320,8.3,5.1,2024-11-24T00:15:00Z,PT15M
1,325,318,8.2,5,2024-11-24T00:30:00Z,PT15M
1,324,316,8,4.8,2024-11-24T00:45:00Z,PT15M
1,322,313,7.9,4.7,2024-11-24T01:00:00Z,PT15M
0,320,312,7.8,4.5,2024-11-24T01:15:00Z,PT15M
0,319,310,7.6,4.3,2024-11-24T01:30:00Z,PT15M
0,317,308,7.5,4.1,2024-11-24T01:45:00Z,PT15M
0,315,306,7.3,4,2024-11-24T02:00:00Z,PT15M
0,314,305,7.3,3.9,2024-11-24T02:15:00Z,PT15M
0,314,305,7.4,3.9,2024-11-24T02:30:00Z,PT15M
-0,313,305,7.6,4,2024-11-24T02:45:00Z,PT15M
-0,313,305,7.7,4,2024-11-24T03:00:00Z,PT15M
-0,312,305,7.7,4,2024-11-24T03:15:00Z,PT15M
-0,313,304,7.6,3.9,2024-11-24T03:30:00Z,PT15M
-0,313,304,7.6,3.9,2024-11-24T03:45:00Z,PT15M
-0,313,303,7.5,3.9,2024-11-24T04:00:00Z,PT15M
-0,314,304,7.6,3.8,2024-11-24T04:15:00Z,PT15M
-0,316,305,7.7,3.9,2024-11-24T04:30:00Z,PT15M
-0,317,307,7.8,3.9,2024-11-24T04:45:00Z,PT15M
-0,319,308,7.9,4,2024-11-24T05:00:00Z,PT15M
-0,321,309,7.9,4,2024-11-24T05:15:00Z,PT15M
-0,322,310,7.8,3.9,2024-11-24T05:30:00Z,PT15M
0,324,311,7.7,3.9,2024-11-24T05:45:00Z,PT15M
0,326,312,7.6,3.8,2024-11-24T06:00:00Z,PT15M
1,325,312,7.4,3.9,2024-11-24T06:15:00Z,PT15M
1,323,311,7.2,4,2024-11-24T06:30:00Z,PT15M
2,321,311,6.9,4.2,2024-11-24T06:45:00Z,PT15M
2,318,310,6.7,4.3,2024-11-24T07:00:00Z,PT15M
2,316,309,6.6,4.5,2024-11-24T07:15:00Z,PT15M
3,314,308,6.7,4.7,2024-11-24T07:30:00Z,PT15M
3,312,306,6.8,4.9,2024-11-24T07:45:00Z,PT15M
3,310,305,6.9,5.1,2024-11-24T08:00:00Z,PT15M
4,309,305,6.9,5.2,2024-11-24T08:15:00Z,PT15M
4,308,304,6.8,5.2,2024-11-24T08:30:00Z,PT15M
4,308,304,6.8,5.2,2024-11-24T08:45:00Z,PT15M
4,307,303,6.7,5.1,2024-11-24T09:00:00Z,PT15M
5,307,303,6.6,5.1,2024-11-24T09:15:00Z,PT15M
5,307,303,6.5,5.1,2024-11-24T09:30:00Z,PT15M
5,307,302,6.5,5.1,2024-11-24T09:45:00Z,PT15M
5,307,302,6.4,5.1,2024-11-24T10:00:00Z,PT15M
5,307,303,6.3,5,2024-11-24T10:15:00Z,PT15M
5,307,303,6.3,5,2024-11-24T10:30:00Z,PT15M
5,308,304,6.2,4.9,2024-11-24T10:45:00Z,PT15M
6,308,305,6.2,4.8,2024-11-24T11:00:00Z,PT15M
6,309,306,6,4.7,2024-11-24T11:15:00Z,PT15M
6,310,307,5.8,4.6,2024-11-24T11:30:00Z,PT15M
6,311,308,5.6,4.4,2024-11-24T11:45:00Z,PT15M
6,312,310,5.4,4.3,2024-11-24T12:00:00Z,PT15M
6,312,309,5.2,4.1,2024-11-24T12:15:00Z,PT15M
6,310,308,5.1,4,2024-11-24T12:30:00Z,PT15M
6,308,306,5,3.9,2024-11-24T12:45:00Z,PT15M
6,306,304,4.9,3.7,2024-11-24T13:00:00Z,PT15M
6,304,301,4.8,3.6,2024-11-24T13:15:00Z,PT15M
5,301,298,4.7,3.3,2024-11-24T13:30:00Z,PT15M
5,297,294,4.6,3.1,2024-11-24T13:45:00Z,PT15M
5,294,289,4.5,2.9,2024-11-24T14:00:00Z,PT15M
4,291,286,4.4,2.8,2024-11-24T14:15:00Z,PT15M
4,289,284,4.4,2.8,2024-11-24T14:30:00Z,PT15M
4,287,283,4.4,2.8,2024-11-24T14:45:00Z,PT15M
3,284,281,4.4,2.8,2024-11-24T15:00:00Z,PT15M
3,282,280,4.4,2.7,2024-11-24T15:15:00Z,PT15M
3,281,279,4.4,2.7,2024-11-24T15:30:00Z,PT15M
3,280,278,4.4,2.7,2024-11-24T15:45:00Z,PT15M
3,278,277,4.4,2.6,2024-11-24T16:00:00Z,PT15M
3,277,276,4.4,2.6,2024-11-24T16:15:00Z,PT15M
3,276,274,4.3,2.5,2024-11-24T16:30:00Z,PT15M
2,275,273,4.3,2.5,2024-11-24T16:45:00Z,PT15M
2,273,271,4.2,2.4,2024-11-24T17:00:00Z,PT15M
2,272,269,4.1,2.4,2024-11-24T17:15:00Z,PT15M
2,271,268,4,2.3,2024-11-24T17:30:00Z,PT15M
2,270,267,3.9,2.2,2024-11-24T17:45:00Z,PT15M
2,269,265,3.8,2.1,2024-11-24T18:00:00Z,PT15M
2,269,266,3.8,2.1,2024-11-24T18:15:00Z,PT15M
2,270,268,3.9,2.2,2024-11-24T18:30:00Z,PT15M
2,271,270,4,2.3,2024-11-24T18:45:00Z,PT15M
2,272,272,4.1,2.4,2024-11-24T19:00:00Z,PT15M
2,272,272,4.2,2.4,2024-11-24T19:15:00Z,PT15M
2,271,270,4.1,2.3,2024-11-24T19:30:00Z,PT15M
2,270,268,4,2.3,2024-11-24T19:45:00Z,PT15M
2,269,266,3.9,2.2,2024-11-24T20:00:00Z,PT15M
2,268,264,3.9,2.2,2024-11-24T20:15:00Z,PT15M
1,266,264,3.9,2.2,2024-11-24T20:30:00Z,PT15M
1,265,263,3.9,2.2,2024-11-24T20:45:00Z,PT15M
1,263,263,3.9,2.2,2024-11-24T21:00:00Z,PT15M
1,263,262,3.9,2.2,2024-11-24T21:15:00Z,PT15M
1,263,262,3.7,2.1,2024-11-24T21:30:00Z,PT15M
1,264,261,3.5,2,2024-11-24T21:45:00Z,PT15M
1,265,261,3.4,1.9,2024-11-24T22:00:00Z,PT15M
1,264,259,3.2,1.8,2024-11-24T22:15:00Z,PT15M
1,263,257,3,1.7,2024-11-24T22:30:00Z,PT15M
1,261,255,2.8,1.6,2024-11-24T22:45:00Z,PT15M
1,260,252,2.6,1.5,2024-11-24T23:00:00Z,PT15M
1,258,250,2.5,1.5,2024-11-24T23:15:00Z,PT15M
1,257,248,2.4,1.4,2024-11-24T23:30:00Z,PT15M
0,256,246,2.3,1.4,2024-11-24T23:45:00Z,PT15M
0,254,244,2.1,1.4,2024-11-25,PT15M
0,254,245,2,1.3,2024-11-25T00:15:00Z,PT15M
0,254,247,2,1.3,2024-11-25T00:30:00Z,PT15M
0,255,250,1.9,1.2,2024-11-25T00:45:00Z,PT15M
0,256,253,1.8,1.2,2024-11-25T01:00:00Z,PT15M
0,257,255,1.7,1.2,2024-11-25T01:15:00Z,PT15M
0,257,255,1.7,1.2,2024-11-25T01:30:00Z,PT15M
0,257,256,1.7,1.2,2024-11-25T01:45:00Z,PT15M
0,257,256,1.7,1.2,2024-11-25T02:00:00Z,PT15M
0,256,255,1.7,1.2,2024-11-25T02:15:00Z,PT15M
0,256,254,1.5,1.1,2024-11-25T02:30:00Z,PT15M
0,255,252,1.3,1,2024-11-25T02:45:00Z,PT15M
0,254,251,1.1,0.9,2024-11-25T03:00:00Z,PT15M
0,255,253,1.1,0.9,2024-11-25T03:15:00Z,PT15M
0,259,259,1.2,1,2024-11-25T03:30:00Z,PT15M
0,262,264,1.3,1.1,2024-11-25T03:45:00Z,PT15M
0,265,268,1.4,1.2,2024-11-25T04:00:00Z,PT15M
0,267,271,1.3,1.1,2024-11-25T04:15:00Z,PT15M
0,271,275,1.1,0.9,2024-11-25T04:30:00Z,PT15M
0,276,279,0.9,0.8,2024-11-25T04:45:00Z,PT15M
0,283,287,0.7,0.6,2024-11-25T05:00:00Z,PT15M
1,289,293,0.5,0.5,2024-11-25T05:15:00Z,PT15M
1,290,295,0.4,0.4,2024-11-25T05:30:00Z,PT15M
1,296,299,0.2,0.3,2024-11-25T05:45:00Z,PT15M
1,23,307,0.1,0.2,2024-11-25T06:00:00Z,PT15M
1,97,340,0.2,0.1,2024-11-25T06:15:00Z,PT15M
2,102,52,0.4,0.1,2024-11-25T06:30:00Z,PT15M
2,103,79,0.6,0.2,2024-11-25T06:45:00Z,PT15M
3,104,88,0.7,0.3,2024-11-25T07:00:00Z,PT15M
3,104,92,0.8,0.4,2024-11-25T07:15:00Z,PT15M
3,105,95,0.8,0.4,2024-11-25T07:30:00Z,PT15M
4,107,99,0.7,0.4,2024-11-25T07:45:00Z,PT15M
4,108,102,0.7,0.4,2024-11-25T08:00:00Z,PT15M
4,108,105,0.6,0.4,2024-11-25T08:15:00Z,PT15M
4,108,106,0.6,0.5,2024-11-25T08:30:00Z,PT15M
5,108,107,0.6,0.5,2024-11-25T08:45:00Z,PT15M
5,108,108,0.6,0.6,2024-11-25T09:00:00Z,PT15M
5,107,106,0.7,0.7,2024-11-25T09:15:00Z,PT15M
5,105,103,0.9,0.9,2024-11-25T09:30:00Z,PT15M
6,104,101,1.1,1.1,2024-11-25T09:45:00Z,PT15M
6,103,99,1.2,1.2,2024-11-25T10:00:00Z,PT15M
6,103,99,1.4,1.4,2024-11-25T10:15:00Z,PT15M
6,103,100,1.5,1.5,2024-11-25T10:30:00Z,PT15M
6,103,101,1.7,1.6,2024-11-25T10:45:00Z,PT15M
6,103,102,1.8,1.8,2024-11-25T11:00:00Z,PT15M
6,103,103,1.9,1.9,2024-11-25T11:15:00Z,PT15M
6,104,105,2.1,1.9,2024-11-25T11:30:00Z,PT15M
6,106,107,2.2,2,2024-11-25T11:45:00Z,PT15M
7,106,109,2.3,2.1,2024-11-25T12:00:00Z,PT15M
7,108,110,2.4,2.1,2024-11-25T12:15:00Z,PT15M
6,109,111,2.4,2.1,2024-11-25T12:30:00Z,PT15M
6,110,111,2.4,2.1,2024-11-25T12:45:00Z,PT15M
6,112,112,2.4,2.1,2024-11-25T13:00:00Z,PT15M
6,113,114,2.4,2,2024-11-25T13:15:00Z,PT15M
6,115,117,2.4,2,2024-11-25T13:30:00Z,PT15M
6,117,119,2.4,1.9,2024-11-25T13:45:00Z,PT15M
5,119,122,2.4,1.8,2024-11-25T14:00:00Z,PT15M
5,119,123,2.4,1.7,2024-11-25T14:15:00Z,PT15M
5,118,121,2.3,1.6,2024-11-25T14:30:00Z,PT15M
4,116,120,2.3,1.5,2024-11-25T14:45:00Z,PT15M
4,115,118,2.2,1.4,2024-11-25T15:00:00Z,PT15M
4,115,118,2.2,1.3,2024-11-25T15:15:00Z,PT15M
4,116,120,2.1,1.2,2024-11-25T15:30:00Z,PT15M
4,118,122,2.1,1.1,2024-11-25T15:45:00Z,PT15M
4,120,125,2,1,2024-11-25T16:00:00Z,PT15M
4,121,128,1.9,1,2024-11-25T16:15:00Z,PT15M
4,123,131,1.8,0.9,2024-11-25T16:30:00Z,PT15M
4,126,134,1.7,0.8,2024-11-25T16:45:00Z,PT15M
4,128,139,1.6,0.7,2024-11-25T17:00:00Z,PT15M
4,130,142,1.5,0.6,2024-11-25T17:15:00Z,PT15M
4,130,145,1.4,0.6,2024-11-25T17:30:00Z,PT15M
4,131,148,1.3,0.5,2024-11-25T17:45:00Z,PT15M
4,131,151,1.2,0.5,2024-11-25T18:00:00Z,PT15M
4,130,150,1.2,0.4,2024-11-25T18:15:00Z,PT15M
4,126,140,1.2,0.4,2024-11-25T18:30:00Z,PT15M
4,122,129,1.1,0.3,2024-11-25T18:45:00Z,PT15M
4,119,116,1.1,0.3,2024-11-25T19:00:00Z,PT15M
4,117,107,1.1,0.3,2024-11-25T19:15:00Z,PT15M
4,118,103,1.1,0.3,2024-11-25T19:30:00Z,PT15M
4,120,99,1,0.2,2024-11-25T19:45:00Z,PT15M
4,121,93,1,0.2,2024-11-25T20:00:00Z,PT15M
4,120,87,1,0.2,2024-11-25T20:15:00Z,PT15M
4,117,83,1,0.3,2024-11-25T20:30:00Z,PT15M
4,114,81,1.1,0.4,2024-11-25T20:45:00Z,PT15M
4,111,79,1.1,0.5,2024-11-25T21:00:00Z,PT15M
4,111,81,1.2,0.5,2024-11-25T21:15:00Z,PT15M
4,112,87,1.2,0.5,2024-11-25T21:30:00Z,PT15M
5,113,93,1.2,0.5,2024-11-25T21:45:00Z,PT15M
5,114,99,1.2,0.5,2024-11-25T22:00:00Z,PT15M
5,116,103,1.2,0.5,2024-11-25T22:15:00Z,PT15M
5,119,107,1.2,0.5,2024-11-25T22:30:00Z,PT15M
5,123,110,1.2,0.5,2024-11-25T22:45:00Z,PT15M
5,126,114,1.1,0.5,2024-11-25T23:00:00Z,PT15M
5,127,112,1.1,0.4,2024-11-25T23:15:00Z,PT15M
5,126,99,0.9,0.3,2024-11-25T23:30:00Z,PT15M
5,125,76,0.8,0.2,2024-11-25T23:45:00Z,PT15M
5,122,43,0.7,0.2,2024-11-26,PT15M
5,119,26,0.6,0.2,2024-11-26T00:15:00Z,PT15M
5,115,24,0.5,0.3,2024-11-26T00:30:00Z,PT15M
4,110,24,0.5,0.4,2024-11-26T00:45:00Z,PT15M
4,105,23,0.5,0.4,2024-11-26T01:00:00Z,PT15M
4,99,22,0.5,0.5,2024-11-26T01:15:00Z,PT15M
4,93,22,0.5,0.5,2024-11-26T01:30:00Z,PT15M
4,87,22,0.4,0.6,2024-11-26T01:45:00Z,PT15M
4,80,21,0.4,0.6,2024-11-26T02:00:00Z,PT15M
4,74,21,0.4,0.7,2024-11-26T02:15:00Z,PT15M
4,67,21,0.5,0.7,2024-11-26T02:30:00Z,PT15M
4,61,21,0.5,0.8,2024-11-26T02:45:00Z,PT15M
4,56,21,0.5,0.8,2024-11-26T03:00:00Z,PT15M
4,62,21,0.4,0.8,2024-11-26T03:15:00Z,PT15M
4,91,23,0.3,0.6,2024-11-26T03:30:00Z,PT15M
4,132,27,0.3,0.4,2024-11-26T03:45:00Z,PT15M
4,160,40,0.4,0.2,2024-11-26T04:00:00Z,PT15M
4,174,108,0.6,0.1,2024-11-26T04:15:00Z,PT15M
4,181,172,0.8,0.2,2024-11-26T04:30:00Z,PT15M
4,185,183,1,0.4,2024-11-26T04:45:00Z,PT15M
4,188,187,1.2,0.6,2024-11-26T05:00:00Z,PT15M
3,190,189,1.4,0.8,2024-11-26T05:15:00Z,PT15M
3,191,191,1.6,1,2024-11-26T05:30:00Z,PT15M
3,192,191,1.8,1.1,2024-11-26T05:45:00Z,PT15M
3,193,192,2.1,1.3,2024-11-26T06:00:00Z,PT15M
3,194,193,2.1,1.4,2024-11-26T06:15:00Z,PT15M
3,197,196,2,1.4,2024-11-26T06:30:00Z,PT15M
3,199,199,2,1.3,2024-11-26T06:45:00Z,PT15M
3,202,202,1.9,1.3,2024-11-26T07:00:00Z,PT15M
3,204,206,1.9,1.2,2024-11-26T07:15:00Z,PT15M
3,207,209,1.8,1.2,2024-11-26T07:30:00Z,PT15M
3,210,213,1.7,1.2,2024-11-26T07:45:00Z,PT15M
3,214,217,1.7,1.1,2024-11-26T08:00:00Z,PT15M
3,217,221,1.7,1.1,2024-11-26T08:15:00Z,PT15M
3,221,225,1.6,1.1,2024-11-26T08:30:00Z,PT15M
3,224,230,1.6,1.1,2024-11-26T08:45:00Z,PT15M
3,228,234,1.6,1.1,2024-11-26T09:00:00Z,PT15M
3,234,240,1.5,1,2024-11-26T09:15:00Z,PT15M
3,241,248,1.4,1,2024-11-26T09:30:00Z,PT15M
3,251,257,1.3,0.9,2024-11-26T09:45:00Z,PT15M
3,261,267,1.2,0.9,2024-11-26T10:00:00Z,PT15M
3,272,277,1.2,0.9,2024-11-26T10:15:00Z,PT15M
3,284,287,1.2,0.9,2024-11-26T10:30:00Z,PT15M
3,294,295,1.3,1,2024-11-26T10:45:00Z,PT15M
3,303,303,1.4,1.1,2024-11-26T11:00:00Z,PT15M
3,311,310,1.5,1.2,2024-11-26T11:15:00Z,PT15M
3,317,315,1.7,1.3,2024-11-26T11:30:00Z,PT15M
3,322,320,1.8,1.4,2024-11-26T11:45:00Z,PT15M
3,327,324,2,1.5,2024-11-26T12:00:00Z,PT15M
3,331,327,2.1,1.6,2024-11-26T12:15:00Z,PT15M
3,336,330,2.2,1.6,2024-11-26T12:30:00Z,PT15M
3,340,334,2.3,1.7,2024-11-26T12:45:00Z,PT15M
3,344,337,2.4,1.7,2024-11-26T13:00:00Z,PT15M
3,348,340,2.5,1.7,2024-11-26T13:15:00Z,PT15M
3,352,343,2.6,1.8,2024-11-26T13:30:00Z,PT15M
3,355,345,2.7,1.8,2024-11-26T13:45:00Z,PT15M
3,358,348,2.8,1.9,2024-11-26T14:00:00Z,PT15M
3,1,350,2.9,2,2024-11-26T14:15:00Z,PT15M
3,3,352,3.1,2,2024-11-26T14:30:00Z,PT15M
3,5,355,3.2,2.1,2024-11-26T14:45:00Z,PT15M
3,7,356,3.4,2.2,2024-11-26T15:00:00Z,PT15M
3,11,0,3.5,2.2,2024-11-26T15:15:00Z,PT15M
3,16,6,3.5,2.3,2024-11-26T15:30:00Z,PT15M
3,21,12,3.6,2.3,2024-11-26T15:45:00Z,PT15M
4,26,17,3.7,2.4,2024-11-26T16:00:00Z,PT15M
4,30,22,3.9,2.5,2024-11-26T16:15:00Z,PT15M
4,34,26,4.1,2.6,2024-11-26T16:30:00Z,PT15M
4,38,30,4.2,2.7,2024-11-26T16:45:00Z,PT15M
4,41,34,4.4,2.9,2024-11-26T17:00:00Z,PT15M
4,44,37,4.7,3,2024-11-26T17:15:00Z,PT15M
4,47,40,4.9,3.2,2024-11-26T17:30:00Z,PT15M
4,50,43,5.1,3.3,2024-11-26T17:45:00Z,PT15M
4,52,45,5.4,3.5,2024-11-26T18:00:00Z,PT15M
4,52,45,5.4,3.5,2024-11-26T18:15:00Z,PT15M
4,49,41,5.2,3.4,2024-11-26T18:30:00Z,PT15M
4,46,37,5,3.3,2024-11-26T18:45:00Z,PT15M
4,42,34,4.9,3.2,2024-11-26T19:00:00Z,PT15M
4,39,29,4.7,3.1,2024-11-26T19:15:00Z,PT15M
4,35,25,4.6,3,2024-11-26T19:30:00Z,PT15M
4,31,20,4.5,3,2024-11-26T19:45:00Z,PT15M
4,27,16,4.4,2.9,2024-11-26T20:00:00Z,PT15M
4,22,11,4.3,2.9,2024-11-26T20:15:00Z,PT15M
4,18,6,4.3,2.9,2024-11-26T20:30:00Z,PT15M
4,13,1,4.3,2.9,2024-11-26T20:45:00Z,PT15M
4,9,357,4.3,3,2024-11-26T21:00:00Z,PT15M
4,7,355,4.3,3,2024-11-26T21:15:00Z,PT15M
4,9,357,4.1,2.8,2024-11-26T21:30:00Z,PT15M
4,11,359,4,2.7,2024-11-26T21:45:00Z,PT15M
4,13,0,3.8,2.6,2024-11-26T22:00:00Z,PT15M
4,15,3,3.7,2.5,2024-11-26T22:15:00Z,PT15M
3,17,5,3.6,2.4,2024-11-26T22:30:00Z,PT15M
3,19,7,3.5,2.3,2024-11-26T22:45:00Z,PT15M
3,22,10,3.4,2.2,2024-11-26T23:00:00Z,PT15M
3,25,13,3.2,2.1,2024-11-26T23:15:00Z,PT15M
3,27,16,3.1,2.1,2024-11-26T23:30:00Z,PT15M
3,30,20,3.1,2,2024-11-26T23:45:00Z,PT15M
3,34,23,3,1.9,2024-11-27,PT15M
3,35,24,2.9,1.8,2024-11-27T00:15:00Z,PT15M
3,33,22,2.7,1.8,2024-11-27T00:30:00Z,PT15M
3,31,20,2.5,1.7,2024-11-27T00:45:00Z,PT15M
3,29,18,2.4,1.7,2024-11-27T01:00:00Z,PT15M
3,26,15,2.2,1.6,2024-11-27T01:15:00Z,PT15M
3,24,13,2.1,1.6,2024-11-27T01:30:00Z,PT15M
3,20,10,1.9,1.5,2024-11-27T01:45:00Z,PT15M
3,17,7,1.8,1.5,2024-11-27T02:00:00Z,PT15M
3,12,4,1.7,1.4,2024-11-27T02:15:00Z,PT15M
3,7,0,1.5,1.4,2024-11-27T02:30:00Z,PT15M
3,1,357,1.4,1.4,2024-11-27T02:45:00Z,PT15M
3,355,353,1.4,1.3,2024-11-27T03:00:00Z,PT15M
3,349,350,1.3,1.3,2024-11-27T03:15:00Z,PT15M
3,345,346,1.3,1.3,2024-11-27T03:30:00Z,PT15M
3,341,343,1.3,1.3,2024-11-27T03:45:00Z,PT15M
3,336,339,1.3,1.2,2024-11-27T04:00:00Z,PT15M
3,332,336,1.3,1.2,2024-11-27T04:15:00Z,PT15M
3,328,332,1.3,1.2,2024-11-27T04:30:00Z,PT15M
3,324,328,1.3,1.2,2024-11-27T04:45:00Z,PT15M
3,320,325,1.4,1.2,2024-11-27T05:00:00Z,PT15M
3,316,321,1.4,1.2,2024-11-27T05:15:00Z,PT15M
3,313,317,1.5,1.2,2024-11-27T05:30:00Z,PT15M
3,309,314,1.5,1.2,2024-11-27T05:45:00Z,PT15M
4,306,310,1.6,1.3,2024-11-27T06:00:00Z,PT15M
4,303,307,1.6,1.3,2024-11-27T06:15:00Z,PT15M
4,299,303,1.6,1.3,2024-11-27T06:30:00Z,PT15M
4,295,299,1.6,1.3,2024-11-27T06:45:00Z,PT15M
4,291,295,1.6,1.3,2024-11-27T07:00:00Z,PT15M
4,288,291,1.6,1.3,2024-11-27T07:15:00Z,PT15M
4,284,288,1.6,1.3,2024-11-27T07:30:00Z,PT15M
4,281,284,1.7,1.3,2024-11-27T07:45:00Z,PT15M
4,277,280,1.7,1.3,2024-11-27T08:00:00Z,PT15M
5,274,277,1.7,1.4,2024-11-27T08:15:00Z,PT15M
5,271,274,1.8,1.4,2024-11-27T08:30:00Z,PT15M
5,268,271,1.8,1.4,2024-11-27T08:45:00Z,PT15M
5,265,268,1.9,1.5,2024-11-27T09:00:00Z,PT15M
5,264,266,2,1.5,2024-11-27T09:15:00Z,PT15M
5,265,267,2.1,1.6,2024-11-27T09:30:00Z,PT15M
5,265,267,2.2,1.6,2024-11-27T09:45:00Z,PT15M
5,266,268,2.3,1.6,2024-11-27T10:00:00Z,PT15M
5,266,268,2.4,1.7,2024-11-27T10:15:00Z,PT15M
5,266,268,2.5,1.7,2024-11-27T10:30:00Z,PT15M
5,267,269,2.6,1.8,2024-11-27T10:45:00Z,PT15M
5,267,269,2.7,1.8,2024-11-27T11:00:00Z,PT15M
5,267,269,2.8,1.9,2024-11-27T11:15:00Z,PT15M
5,268,269,2.9,1.9,2024-11-27T11:30:00Z,PT15M
5,268,270,3,1.9,2024-11-27T11:45:00Z,PT15M
4,268,270,3.1,2,2024-11-27T12:00:00Z,PT15M
4,268,270,3.1,2,2024-11-27T12:15:00Z,PT15M
4,268,270,3,1.9,2024-11-27T12:30:00Z,PT15M
4,268,269,3,1.9,2024-11-27T12:45:00Z,PT15M
5,269,269,2.9,1.8,2024-11-27T13:00:00Z,PT15M
5,269,269,2.8,1.8,2024-11-27T13:15:00Z,PT15M
5,269,268,2.8,1.7,2024-11-27T13:30:00Z,PT15M
5,269,268,2.7,1.7,2024-11-27T13:45:00Z,PT15M
5,269,268,2.7,1.6,2024-11-27T14:00:00Z,PT15M
5,269,267,2.6,1.6,2024-11-27T14:15:00Z,PT15M
5,270,267,2.5,1.5,2024-11-27T14:30:00Z,PT15M
5,270,267,2.5,1.5,2024-11-27T14:45:00Z,PT15M
5,270,266,2.4,1.4,2024-11-27T15:00:00Z,PT15M
5,269,266,2.4,1.4,2024-11-27T15:15:00Z,PT15M
5,268,265,2.4,1.4,2024-11-27T15:30:00Z,PT15M
5,267,264,2.5,1.5,2024-11-27T15:45:00Z,PT15M
5,266,264,2.5,1.5,2024-11-27T16:00:00Z,PT15M
5,265,263,2.5,1.5,2024-11-27T16:15:00Z,PT15M
5,264,263,2.6,1.5,2024-11-27T16:30:00Z,PT15M
5,263,262,2.6,1.6,2024-11-27T16:45:00Z,PT15M
5,262,262,2.6,1.6,2024-11-27T17:00:00Z,PT15M
5,261,261,2.6,1.6,2024-11-27T17:15:00Z,PT15M
5,260,261,2.7,1.7,2024-11-27T17:30:00Z,PT15M
5,259,261,2.7,1.7,2024-11-27T17:45:00Z,PT15M
5,258,260,2.7,1.7,2024-11-27T18:00:00Z,PT15M
5,257,260,2.8,1.7,2024-11-27T18:15:00Z,PT15M
5,256,259,2.8,1.7,2024-11-27T18:30:00Z,PT15M
5,256,258,2.8,1.7,2024-11-27T18:45:00Z,PT15M
5,255,257,2.8,1.7,2024-11-27T19:00:00Z,PT15M
5,254,256,2.8,1.7,2024-11-27T19:15:00Z,PT15M
5,254,255,2.8,1.7,2024-11-27T19:30:00Z,PT15M
4,253,254,2.8,1.7,2024-11-27T19:45:00Z,PT15M
4,252,253,2.8,1.6,2024-11-27T20:00:00Z,PT15M
4,251,252,2.8,1.6,2024-11-27T20:15:00Z,PT15M
4,251,251,2.8,1.6,2024-11-27T20:30:00Z,PT15M
4,250,250,2.8,1.6,2024-11-27T20:45:00Z,PT15M
4,249,249,2.8,1.6,2024-11-27T21:00:00Z,PT15M
4,249,248,2.8,1.6,2024-11-27T21:15:00Z,PT15M
4,248,248,2.8,1.6,2024-11-27T21:30:00Z,PT15M
4,248,248,2.8,1.6,2024-11-27T21:45:00Z,PT15M
4,248,247,2.8,1.6,2024-11-27T22:00:00Z,PT15M
4,247,247,2.9,1.6,2024-11-27T22:15:00Z,PT15M
4,247,247,2.9,1.6,2024-11-27T22:30:00Z,PT15M
4,246,246,2.9,1.6,2024-11-27T22:45:00Z,PT15M
4,246,246,2.9,1.6,2024-11-27T23:00:00Z,PT15M
4,246,246,2.9,1.6,2024-11-27T23:15:00Z,PT15M
4,245,246,3,1.6,2024-11-27T23:30:00Z,PT15M
4,245,245,3,1.7,2024-11-27T23:45:00Z,PT15M
3,244,245,3,1.7,2024-11-28,PT15M
3,243,244,3.1,1.7,2024-11-28T00:15:00Z,PT15M
3,241,241,3.2,1.8,2024-11-28T00:30:00Z,PT15M
3,239,239,3.4,1.8,2024-11-28T00:45:00Z,PT15M
3,237,237,3.6,1.9,2024-11-28T01:00:00Z,PT15M
3,235,235,3.7,2,2024-11-28T01:15:00Z,PT15M
3,234,234,3.9,2,2024-11-28T01:30:00Z,PT15M
3,232,232,4.1,2.1,2024-11-28T01:45:00Z,PT15M
3,231,231,4.3,2.2,2024-11-28T02:00:00Z,PT15M
3,230,229,4.4,2.3,2024-11-28T02:15:00Z,PT15M
3,229,228,4.6,2.3,2024-11-28T02:30:00Z,PT15M
3,228,227,4.8,2.4,2024-11-28T02:45:00Z,PT15M
3,227,226,5,2.5,2024-11-28T03:00:00Z,PT15M
3,227,225,5.2,2.6,2024-11-28T03:15:00Z,PT15M
3,226,225,5.3,2.6,2024-11-28T03:30:00Z,PT15M
3,226,225,5.5,2.7,2024-11-28T03:45:00Z,PT15M
3,226,225,5.6,2.8,2024-11-28T04:00:00Z,PT15M
3,226,225,5.8,2.8,2024-11-28T04:15:00Z,PT15M
3,226,225,5.9,2.9,2024-11-28T04:30:00Z,PT15M
3,226,225,6,2.9,2024-11-28T04:45:00Z,PT15M
3,226,225,6.2,3,2024-11-28T05:00:00Z,PT15M
3,226,225,6.3,3,2024-11-28T05:15:00Z,PT15M
3,226,225,6.5,3.1,2024-11-28T05:30:00Z,PT15M
3,226,225,6.6,3.2,2024-11-28T05:45:00Z,PT15M
3,226,225,6.8,3.2,2024-11-28T06:00:00Z,PT15M
3,226,225,6.8,3.3,2024-11-28T06:15:00Z,PT15M
4,226,225,6.8,3.4,2024-11-28T06:30:00Z,PT15M
4,226,225,6.7,3.6,2024-11-28T06:45:00Z,PT15M
4,226,226,6.7,3.7,2024-11-28T07:00:00Z,PT15M
5,226,226,6.6,3.8,2024-11-28T07:15:00Z,PT15M
5,226,226,6.6,4,2024-11-28T07:30:00Z,PT15M
6,226,226,6.6,4.1,2024-11-28T07:45:00Z,PT15M
6,226,226,6.5,4.2,2024-11-28T08:00:00Z,PT15M
6,227,226,6.5,4.4,2024-11-28T08:15:00Z,PT15M
7,227,226,6.4,4.5,2024-11-28T08:30:00Z,PT15M
7,227,227,6.4,4.6,2024-11-28T08:45:00Z,PT15M
7,227,227,6.3,4.7,2024-11-28T09:00:00Z,PT15M
8,227,227,6.3,4.8,2024-11-28T09:15:00Z,PT15M
8,227,227,6.3,4.8,2024-11-28T09:30:00Z,PT15M
8,228,227,6.2,4.8,2024-11-28T09:45:00Z,PT15M
8,228,227,6.2,4.8,2024-11-28T10:00:00Z,PT15M
8,228,228,6.2,4.7,2024-11-28T10:15:00Z,PT15M
8,228,228,6.1,4.7,2024-11-28T10:30:00Z,PT15M
